0,name
1女孩,
2000年代_(风格),
;p,
兽耳绒毛,
兽耳,
水蓝内裤,
蓝色蝴蝶结,
脸红,
边框,
蝴蝶结,
蝴蝶结内裤,
胸部,
棕色眼睛,
猫耳,
猫娘,
猫尾巴,
锁骨,
彩色条纹,
牛仔镜头,
股间,
双手上举,
兽耳模式,
巨乳,
长发,
长袖,
看向观众,
无裤子,
闭上一只眼,
橙色背景,
外部边框,
内裤,
刘海分开,
粉色衬衫,
红发,
红色水手领,
水手领,
校服,
水手服,
衬衫,
侧发,
简单背景,
微笑,
单人,
站立,
直发,
条纹背景,
条纹衣服,
条纹内裤,
尾巴,
大腿间隙,
过膝袜,
大腿,
舌头,
伸舌,
两侧向上,
内衣,
极长头发,
W臂,
白色边框,
白色内裤,
白色过膝袜,
2男孩,
2女孩,
呆毛,
屁股,
蓝发,
棕发,
公司关联,
角色扮演,
异性装扮,
眼镜,
绿发,
眉间发,
发蝴蝶结,
发饰,
帽子,
拿着,
回头看,
多男孩,
多女孩,
o_o,
涂鸦,
张嘴,
伪娘,
粉色水手领,
短发,
短热裤,
短裤,
裙子,
汗滴,
双马尾,
魔杖,
2005,
铠甲,
铠甲裙,
金发,
蓝色连衣裙,
蓝色丝带,
长靴,
辫子,
麻花髻,
胸甲,
卡利伯恩_(fate),
版权名称,
封面,
封面页,
标注日期,
同人封面,
连衣裙,
英文文本,
日式英文,
腰甲,
全身,
护手,
绿眼睛,
发髻,
发带,
持剑,
持武器,
双腿分开,
乱语,
反握,
丝带,
剑,
武器,
:d,
;),
手臂上举,
腋下,
露手臂,
露肩,
跳跃,
中等胸部,
橙色头发,
橙色马甲,
粉色过膝袜,
波点,
波点背景,
马尾,
泡泡袖,
紫色眼睛,
无袖,
v,
马甲,
w,
女服务员,
绝对领域,
3girls,
赤脚,
沐浴,
入浴,
完全裸体,
方便审查,
方便腿,
遮住私处,
栅栏,
抓住他人的乳房,
猥亵,
裸体,
温泉,
户外,
粉色头发,
紫色头发,
红眼睛,
同性入浴,
共同入浴,
侧马尾,
坐姿,
毛巾,
水,
湿,
百合,
背后蝴蝶结,
连衣裙蝴蝶结,
飘浮头发,
头发管,
举手,
粉色蝴蝶结,
粉色连衣裙,
机器人耳朵,
白色背景,
踝部系带,
扶手椅,
椅子,
交叉系带鞋,
玩偶,
钻头卷发,
食物,
脚悬空,
叉子,
褶边丝带,
褶边,
水果,
拿着叉子,
膝盖并拢脚分开,
洛丽塔时尚,
名字关联,
颈部丝带,
物体名字来源,
在椅子上,
红色鞋履,
鞋子,
草莓,
1男孩,
包,
黑发,
领结,
公文包,
灌木丛,
车内,
闭眼,
白天,
侧面,
拿着包,
后仰,
镜子,
微张嘴唇,
照片背景,
百褶裙,
红色蝴蝶结,
红色领结,
红色裙子,
书包,
学校公文包,
睡觉,
袖口,
单人焦点,
对话气泡,
波浪线,
树,
:o,
飞机,
天线发,
手臂脑后,
血,
蓝天,
贴纸脸红,
云,
闪光,
歪头,
鼻血,
短袖,
天空,
小乳房,
惊讶,
飞碟,
上半身,
白衬衫,
靠墙,
蓝色领巾,
齐刘海,
握拳,
闭口,
领衬衫,
荷兰角度,
面无表情,
眼影,
皱眉,
绿色背心,
灰色裙子,
室内,
双腿并拢,
化妆,
迷你裙,
领巾,
口袋,
阴影,
波浪发,
肛珠,
双手背后,
BDSM,
珠子,
床,
腰带项圈,
紧缚,
紧缚服装,
被缚,
手臂被缚,
箱缚,
乳房露出,
棋盘地板,
项圈,
裆部拉链,
假阳具,
门,
门把手,
跳蛋,
灌肠,
脚,
女性阴毛,
异性,
乳胶,
牵绳,
皮革,
嘴唇,
肚脐,
乳头,
O环,
地板上,
单膝跪地,
画面外,
阴毛,
阴毛微露,
抿唇,
红色项圈,
红色大腿袜,
性玩具,
镫袜,
汗,
无趾袜,
脚趾甲,
脚趾,
太多,
裸上身,
振动棒,
拉链,
手臂环腰,
蓝眼睛,
折叠马尾,
手按胸部,
拥抱,
背后拥抱,
兄弟姐妹,
姐妹,
黑色裤袜,
橡皮擦,
迷你人物,
迷你女孩,
超大物体,
裤袜,
铅笔,
红色缎带,
短双马尾,
毛衣背心,
动物,
动物花纹,
鸟,
烟囱,
外套,
正面印花内裤,
萝莉,
连指手套,
内裤,
企鹅,
印花内裤,
屋顶,
围巾,
雪,
下雪,
裙底,
白色手套,
冬天,
冬装,
发圈,
光线,
宽松袜子,
兔子,
袜子,
蹲姿,
星星（符号）,
毛绒动物,
毛绒兔子,
毛绒玩具,
阳光光束,
阳光,
刷牙,
乳头遮挡,
平臀,
手放在自己肚子上,
粉色内裤,
牙刷,
黄色衬衫,
>:),
Q版,
十字架,
哥特萝莉塔,
灰发,
头饰,
倒十字架,
层叠连衣裙,
紫色连衣裙,
环状眼睛,
V形眉毛,
手臂支撑,
黑色袜子,
纽扣,
短披风,
绿色蝴蝶结,
手放在嘴边,
膝上袜,
大蝴蝶结,
躺姿,
无鞋,
鼻子红晕,
侧躺,
格子,
格子蝴蝶结,
乳房支撑,
乳房搁在头上,
灰度,
自动铅笔,
单色,
素描,
泪水,
:p,
蓝色内裤,
骆驼趾,
分开双腿,
随便选,
波比袜,
棕色鞋履,
上方视角,
乐福鞋,
粉色背景,
红色边框,
短马尾,
白色袜子,
黑色短披肩,
黑色缎带,
黑色过膝袜,
平胸,
毛皮镶边短披肩,
毛皮镶边,
进气口刘海,
半闭眼,
低头看,
衣服绒球,
怒青筋,
艺术家名,
举起食指,
长裙,
侧嘴,
运动服,
透明背景,
围裙,
臂章,
杯子,
窗帘,
女仆,
女仆头饰,
侧脸,
桌子,
茶杯,
茶壶,
窗户,
替代服装,
黑色连衣裙,
女仆装,
手搭肩膀,
朱丽叶袖,
女仆围裙,
领带,
胸下,
裆缝,
层叠袖子,
连裤袜上过膝袜,
黄眼睛,
水晶,
尖牙,
从背后,
满月,
帽子缎带,
莱瓦汀_(东方),
光粒子,
泡泡帽,
月亮,
单边向上,
粉色眼睛,
粉色帽子,
蓬松短袖,
红色马甲,
裙装套装,
翅膀,
^_^,
黑色边框,
闭合伞,
隙间_(东方),
阳伞,
罩袍,
辫子缎带,
三卦,
伞,
白色连衣裙,
宽袖,
四肢着地,
条状马赛克,
弯腰,
打码,
肘手套,
吊袜带,
手套,
高跟鞋,
不可能的衣服,
不可能的连衣裙,
淘气脸,
无内裤,
粉色主题,
阴户,
短连衣裙,
紧身,
过膝靴,
水蓝眼睛,
水蓝头发,
耳环,
渐变头发,
不可能衬衫,
饰品,
多色头发,
粉色手套,
红色背景,
腿,
大腿带,
白色鞋履,
书,
服装切换,
拿着书,
菱形背景,
蓝色帽子,
低扎长发,
轮廓线,
红色帽子,
！,
蓝色裙子,
蓝色过膝袜,
分离袖子,
发夹,
浅笑,
V字臂,
割座,
X发饰,
黑色鞋履,
黑色裙子,
角色名,
走路,
软帽,
紧身胸衣,
跨界,
褶边领,
王子装,
恶搞,
猪饼帽,
剪刀,
风格恶搞,
高礼帽,
双胞胎,
洒水壶,
蓝色袜子,
战斗姿势,
日本刀,
拔刀准备,
女衬衫,
幸福,
黑色主题,
黑暗,
齿轮,
机器,
铅笔裙,
长柄武器,
矛,
蓝色战袍,
樱花,
手指放嘴边,
狐耳,
狐尾,
多尾巴,
无头饰,
油纸伞,
花瓣,
红伞,
乳房分开,
一件式晒黑,
晒黑,
晒痕,
乳房挤压,
驾驶舱,
股间摩擦,
飞溅汗滴,
跨坐,
声优关联,
仰卧,
唾液,
zzz,
持魔杖,
0_0,
>_<,
乳沟,
漫画,
尴尬,
火车,
整理头发,
得意脸,
暴露癖,
手放臀部,
阴毛不匹配,
公然猥亵,
得意,
无码,
黑手套,
黑短裤,
框架乳房,
绿色夹克,
夹克,
夜晚,
敞开衣服,
敞开夹克,
签名,
绿色内裤,
莉莉安女子学院校服,
木椅,
胸罩,
内衣,
敞开衬衫,
紫色内裤,
脱衣,
未穿裙子,
白色胸罩,
蓝色发带,
双横条纹,
发带,
嘴里含着,
枕头,
不给糖就捣蛋,
团子,
三色团子,
和菓子,
臀沟,
穿衣,
内裤拉扯,
侧乳,
缩放层,
遮脸,
遮住自己的眼睛,
哭泣,
羽毛翅膀,
褶边袖子,
褶边袜子,
紫色主题,
单发髻,
只穿内衣,
双发髻,
勃起,
口交,
马赛克打码,
口交,
阴茎,
小阴茎,
乳房挤压,
手臂环颈,
咬紧牙关,
太阳镜,
牙齿,
阿斯科特领,
蓝色阿斯科特领,
蓝色背景,
褶边围裙,
灰色背景,
灰色主题,
看向前方,
中长发,
白色围裙,
白发,
橙色眼睛,
双钻头辫,
吊带背心,
交叉双臂,
膝盖抬起,
裸腹,
白色吊带背心,
前系上衣,
紫色胸罩,
四格漫画,
书架,
书桌,
医生,
坠落,
白大褂,
办公椅,
纸张,
无声漫画,
转椅,
棕色过膝袜,
蕾丝,
蕾丝边腿饰,
蕾丝镶边,
铅笔裙,
正坐,
衣服上提,
裙子上提,
额头,
跪姿,
自己掀衣服,
碗,
筷子,
兔子图案,
米饭,
饭碗,
闪耀,
绿色阿斯科特领,
橙色裙子,
毛衣,
黄色_毛衣背心,
特写,
八分音符,
麦克风,
音符,
指着,
兔耳,
箭头_(符号),
伸开双臂,
前缩短,
帽子_蝴蝶结,
紫色_蝴蝶结,
红色_发带,
音效,
电视机,
女巫帽,
比基尼,
短上衣,
双重人格,
裤链开着,
侧绑_比基尼底裤,
无肩带,
泳装,
管状上衣,
拉链拉开,
黄色_比基尼,
姬发型,
抬腿,
掀裙,
白色主题,
手臂背后,
蓝色主题,
咧嘴笑,
痣,
眼下痣,
购物袋,
无框眼镜,
圆形眼镜,
绿色背景,
里程碑庆祝,
谢谢,
遮单眼刘海,
刻线_(纹理),
线性刻线,
低马尾,
肖像,
裂嘴,
……,
猫,
言语省略号,
#错误！,
^^^,
单眼绷带,
绷带,
眼罩,
长腿,
破损衣服,
高领,
紫色裙子,
不同发型,
举起手臂,
火焰,
渐变背景,
无阴部,
蝙蝠翅膀,
灯笼裤,
红月,
冈格尼尔长矛,
白色灯笼裤,
手腕护腕,
棕色裤袜,
平底鞋,
双辫子,
掀起衬衫,
:<,
?,
扫帚,
骑扫帚,
拉衣服,
想象中,
拉裤袜,
思想泡泡,
白色裤袜,
风,
风吹起,
举胸,
精液,
身上精液,
胸部精液,
巨乳萝莉,
乳交,
娇小,
第一人称视角,
黑色项圈,
黑色眼睛,
黑色翅膀,
项圈,
恶魔女孩,
恶魔翅膀,
露肩连衣裙,
露肩,
闪亮皮肤,
绿色胸罩,
下乳,
肚脐被遮,
连体泳衣,
粉色连体泳衣,
泳池,
泳池梯,
学校泳装,
涉水,
女性自慰,
自慰,
爱液,
爱液水洼,
拖鞋,
下体裸露,
拉起胸罩,
阴蒂,
阴道内射,
黑皮肤女性,
黑皮肤,
狗爬式,
女性高潮,
垂乳,
抱腿,
高潮,
性交,
背后性交,
阴道,
拼贴,
头发精液,
颜射,
黑色紧身衣,
紧身衣,
忍者,
乳头滑出,
单乳露出,
被束缚,
触手,
仅上牙,
表情符号,
锯齿线,
动作线,
上空下视角,
借用角色,
头发披肩,
单辫,
床单,
唾液痕迹,
礼服衬衫,
马克杯,
无胸罩,
袖子卷起,
水印,
网页地址,
维纳斯裂隙,
糖霜,
裱花袋,
红色腕铐,
吊袜带,
空洞眼睛,
阴影脸,
茶,
汤呑,
背靠背,
逗猫棒,
花朵,
头上花,
叶子,
叶子背景,
头上叶子,
项链,
粉色花朵,
十字图案,
羽毛,
哥特时尚,
系带靴,
单色背景,
紫色鞋履,
紫色丝带,
褶边连衣裙,
拿着羽毛,
洛丽塔发带,
苍白皮肤,
粉色领结,
红色连衣裙,
圣诞节,
紧身衣,
圣诞快乐,
红色紧身衣,
麻袋,
圣诞服装,
圣诞帽,
耳钉,
白手套,
樱桃,
甜点,
拿着勺子,
冰淇淋,
帕菲,
勺子,
圣代,
手办,
单只袜子,
单只过膝袜,
!?,
:3,
触角,
新月,
新月发夹,
双手放在自己头上,
护士帽,
对话感叹疑问号,
三角嘴,
;d,
只有Q版,
弹幕,
6+女孩,
旗袍,
中式服装,
抱着物体,
抱着自己的腿,
玛丽珍鞋,
姆丘,
红魔馆,
5女孩,
平衡,
水桶,
雨,
4女孩,
灰色眼睛,
打开的书,
阅读,
侧坐,
竹扫帚,
皇冠,
匕首,
刀,
+_+ ,
指针钟,
时钟,
杯面,
双手放在自己脸上,
对话音符,
替代发色,
黑色发带,
鱼,
人魂,
对话问号,
三角头饰,
金枪鱼,
:/,
戴眼镜,
腰带,
左撇子,
酒,
蓝色胸罩,
瓶子,
蝴蝶结胸罩,
捧胸,
胸杯,
酒盃,
清酒,
短发长刘海,
条纹胸罩,
酒壶,
未穿内裤,
若布酒,
体操短裤,
披风,
体操服,
多重视角,
拉衬衫,
草,
荷叶边蝴蝶结,
荷叶边发管,
半丸子头,
御札,
丝带镶边袖子,
丝带镶边,
黄色阿斯科特领巾,
畏缩,
游戏机制,
梗,
ネタ,
打耳光,
xd,
绿色尾巴,
牵手,
大家,
魔法少女,
声优,
高跟凉鞋,
指甲油,
橙色指甲,
凉鞋,
趾甲油,
臂章,
比基尼拉扯,
系带比基尼,
狗,
绿色连衣裙,
头巾,
异色瞳,
毛绒狗,
横纲割,
69,
男着衣女裸体,
舔阴,
食物图案,
女上位,
泌乳,
衣服内乳交,
长裤,
露出阴茎,
鼓胀乳头,
侧系内裤,
草莓内裤,
草莓印花,
紧握双手,
沙发,
荷叶边衬衫,
植物,
盆栽植物,
光坂私立高等学校制服,
在床上,
裙子挂在一腿,
拉起裙子,
调整眼镜,
巧克力,
身体上涂巧克力,
身体上的食物,
凌乱,
裸体丝带,
红花,
红玫瑰,
玫瑰,
情人节,
乳房晃动,
篮球,
手腕被绑,
透视服装,
粗眉毛,
颤抖,
衣服下振动棒,
内裤下振动棒,
着衣性交,
抓住他人手臂,
反向骑乘位,
脸颊挤压,
眼神接触,
面对面,
手放在他人的脸上,
看着另一人,
正装,
抱腿,
吊袜带,
强奸,
抓床单,
瘦弱,
太空服,
西装,
\||/,
躺在人身上,
多重人格,
无鼻子,
绑缚,
蜡烛,
性别转换,
性别转换_(男转女),
幼龄化,
长椅,
布玛裤拉下,
荷叶边胸罩,
上身前倾,
拉扯自己的衣服,
虫子,
狗耳朵,
乐器,
怪物女孩,
植物女孩,
尖耳朵,
袍子,
魔女,
铃铛,
模糊,
景深,
头发铃铛,
手放在他人的头上,
兽手,
黑色项圈,
叮当铃,
颈铃,
即将插入,
即将阴道插入,
内裤挂在一腿上,
蓝色水手服,
棕色发带,
斗篷,
单横条纹,
白色水手领,
白色裙子,
3boys,
广告,
建筑物,
大炮,
新月,
膝枕,
挖耳朵,
趴着,
棋盘格背景,
蓝色围巾,
拿着食物,
兜帽,
连帽夹克,
粉色夹克,
粉色毛衣,
章鱼烧,
扑克牌A,
红心A,
黑桃A,
卡片,
硬币,
雪貂,
漂浮卡片,
心形,
拿着卡片,
魔术师,
五芒星,
扑克牌,
黑桃形状,
条纹,
燕尾服,
钓鱼,
钓鱼竿,
森林,
烤架,
手放在头饰上,
烤肉串,
自然,
草帽,
拿着扫帚,
拿着内裤,
拿着内衣,
拿着没穿衣服,
盒子,
纸箱,
高叉,
高叉比基尼,
海星,
走光,
白色比基尼,
黑色腿衣,
泰迪熊,
相机,
手放在另一人肩膀上,
大笑,
卡片_(中等),
绞索,
绳子,
镰刀,
塔罗牌,
塔罗牌_(中等),
拉扯,
双色背景,
摸头,
拿着托盘,
发圈,
托盘,
白色发圈,
腋下露出,
渔网袜,
发带,
高叉内裤,
巨乳,
日本服装,
和服,
o3o,
和服腰带,
紫色手套,
紫色过膝袜,
腰带,
闪亮衣服,
短和服,
笑脸,
抹胸,
乳房滑出,
指交,
抓住另一人手腕,
拿着钱,
钱,
塞钱,
腰围裙,
大腿间见臀,
阿兹漫画大王校服,
糟糕比例,
黑板,
教室,
老师,
冬季制服,
悲伤,
黄色领巾,
看向侧面,
紫色衬衫,
被子下,
腹部,
天使,
憋尿,
多重翅膀,
炽天使,
乱伦,
姿势,
双胞胎乱伦,
枪,
手枪,
持枪,
西格绍尔,
十指相扣,
手放在自己头上,
撕破衬衫,
撕破裙子,
手放在他人肩膀上,
苍白肤色,
敬礼,
儿童同士,
岛田丼_(性交),
比较,
刷子,
化妆品,
手提包,
口红管,
橙色花朵,
对称对接,
郁金香,
携带,
楼梯,
战斗,
踢腿,
动态模糊,
无乳头,
侧目,
黄色蝴蝶结,
棕色裙子,
低双马尾,
黄色背景,
绿色裙子,
腹部微露,
腹部,
撕破内裤,
裸体衬衫,
手臂搁桌,
橱柜,
天花板,
低头,
手撑头,
头靠着,
线稿,
架子,
胸前口袋,
抽绳,
包皮,
扶她与女性,
扶她,
无睾丸,
肛门,
衣服拨开,
手交,
连体泳装拉起,
单只耳环,
泳装拨开,
指甲,
制服,
白色发带,
香烟,
魔法,
魔法阵,
吸烟,
社团名,
三叶草,
四叶草,
蘑菇,
游戏封面,
白色蝴蝶结,
绿色主题,
角蝴蝶结,
角饰,
角,
面对他人,
飞行中,
荷叶边裙,
从下方,
手掌张开,
专色,
5格漫画,
球,
直发梢,
邪恶坏笑,
邪恶笑容,
高马尾,
拿着球,
惊慌失措,
衬衫蝴蝶结,
背对,
光,
负空间,
能量光束,
厚底鞋,
施法,
战斗,
鱼眼镜头,
面部毛发,
胡须,
缎带项圈,
高对比度,
狐娘,
黄色内裤,
黄色尾巴,
自行车短裤,
裙下自行车短裤,
裙下短裤,
对话怒筋,
心形耳环,
膝靴,
围裙掀起,
胸针,
浅蓝色头发,
红色阿斯科特领结,
白色腕袖,
笔,
波波头,
信箱格式,
文字焦点,
!!,
卡住,
手臂伸直,
透过头发可见眼睛,
部分解开扣子,
侧扫刘海,
泪汪汪,
飘落花瓣,
超大衣服,
袖子过腕,
向日葵,
白色丝带,
黄色花朵,
抽象背景,
中长裙,
张开双臂,
专辑封面,
连杆八分音符,
挥手,
透视袖子,
乳晕走光,
身体红晕,
着衣女性裸体男性,
无手乳交,
大乳晕,
舔舐,
舔阴茎,
部分上色,
闪亮,
心形对话,
肩带间隙,
气泡,
旋转对称,
翼领,
阴阳,
棕色背景,
吃东西,
美术作品戏仿,
饥饿,
棋盘格,
睡袍,
抓住手臂,
西装外套,
铁丝网,
法式深吻,
接吻,
腋下皱纹,
褶边臂章,
细肩带,
蒂亚拉,
蓬蓬裙,
连帽衫,
泳圈,
运动鞋,
游泳圈,
愤怒,
天使翅膀,
小型翅膀,
肩带,
手臂抱,
T恤,
牛仔布,
牛仔短裤,
抓住他人头发,
手表,
腕表,
4名男孩,
颜射,
轮奸,
群交,
多根阴茎,
阴茎对乳房,
6+其他人,
电锯,
恶魔,
脚超出画面,
加特林机枪,
牛仔裤,
男性焦点,
米尼甘,
怪物,
多余人,
工装裤,
尖牙,
手臂在腿间,
篮子,
有领连衣裙,
眉毛被头发遮住,
松软耳朵,
花盆,
绿色花朵,
灰猫,
拿着篮子,
抬头看,
中等连衣裙,
开门,
开窗,
实心圆瞳孔,
白猫,
手指间,
网眼大腿袜,
苦无,
涟漪,
卷轴,
足袋,
走在液体上,
马桶,
上履,
坏笑,
模糊马赛克,
射在嘴里,
深喉,
电梯,
手放在别人头上,
抓头,
无意义马赛克,
手臂在身侧,
电缆,
数字媒体播放器,
头发遮挡,
iPod,
创可贴,
乳头创可贴,
低腰,
低腰内裤,
乳贴,
蛋糕,
蛋糕片,
糖果,
饼干,
纸杯蛋糕,
纸花边垫,
甜甜圈,
半色调,
棒棒糖,
松饼,
百奇,
仙贝,
甜食,
面对观众,
巨型呆毛,
长裙,
紧张,
提裙,
不对称头发,
包子头罩,
病娇,
胸罩拉开,
印花胸罩,
双持,
弹壳,
新娘吊袜带,
黄色丝带,
背面,
蕾丝边胸罩,
蕾丝边内裤,
肩带滑落,
伞裙,
头上动物,
突击步枪,
赫克勒-科赫,
头上,
橙色紧身衣,
步枪,
白色紧身衣,
发瓣,
轻微脸红,
部分浸没,
岩石,
蒸汽,
头上毛巾,
中性,
动物连体衣,
机动车辆,
摩托车,
车辆中心,
拿着帽子,
水手帽,
白色帽子,
背部印花内裤,
熊图案内裤,
熊图案,
雪花,
褶边过膝袜,
双手紧握,
双手合拢,
群交,
张开阴部,
黑色衬衫,
浅棕色头发,
白色领巾,
喵,
爪子姿势,
爪印,
手臂下垂,
黑色蝴蝶结,
黑色头饰,
黑色夹克,
黑色领带,
休闲,
格子领带,
朋友,
褶边夹克,
手放在自己脸上,
腿暖袜,
裤装,
格子服装,
格子裙,
条纹过膝袜,
哈气,
棕色腿袜,
褶皱,
机甲,
机器人,
粉色裙子,
卷发,
分离领,
折扇,
礼服,
手扇,
嘴下痣,
维多利亚风,
女仆比基尼,
非传统女仆,
德文,
丝带过膝袜,
树下,
手臂环肩,
集体拥抱,
手放在他人脸上,
黑色帽子,
黑色袖子,
中间开口,
精灵,
拿着法杖,
露肩衬衫,
暴露服装,
法杖,
腹肌,
情侣,
身高差,
肌肉发达,
男性上空,
青筋,
喝酒,
裸腿,
蓝色短裤,
坐垫,
耳机,
足底屈曲,
毛边夹克,
夹克披肩,
红色夹克,
有领夹克,
双重曝光,
徽章,
军装,
多彩服装,
多彩夹克,
补丁,
双色夹克,
白色腰带,
乳沟镂空,
服装镂空,
伸出的手,
伸手,
标志,
日落,
发花,
发夹,
帘发,
迷你帽,
单条纹,
条纹裙,
垂眼,
白色条纹,
自行车,
黑色内裤,
三明治,
白色描边,
生日,
双手置胸,
生日快乐,
星星符号背景,
文件夹,
红框眼镜,
狐狸,
粉色和服,
泡脚,
年龄差,
吸乳,
姐正太,
正太,
坏结局,
脸上血迹,
血腥,
海滩,
流血,
谋杀,
太阳,
遮挡下体,
粉色腿服,
尖刺发,
倒立,
落叶,
绿色衬衫,
方形四格,
5男孩,
弯腰家具,
即将强奸,
列队,
男性阴毛,
学校,
课桌,
奴隶,
固定拘束,
躯干抓握,
皱眉,
黑色胸罩,
方便手臂,
从背后抓住,
头发盖胸部,
头花环,
坐在楼梯上,
年龄增长,
即将接吻,
无袖衬衫,
柠檬,
照片（物体）,
抖动,
旋转,
无聊,
无感情性交,
传教士体位,
拉裤子,
插肩袖,
写作,
六芒星,
内八字脚,
罗马数字,
十二生肖,
避孕套,
避孕套包装,
背心,
脚放在椅子上,
黑色背景,
:q,
瞄准,
软木塞,
节日,
高个子,
血泊,
萌到我要死了！,
傲娇,
黑色布玛,
内容评级,
编织侧马尾,
短夹克,
尖牙,
双手叉腰,
粉色丝带,
遮住自己的嘴,
头发别在耳后,
手捂自己的嘴,
拿着杯子,
盘子,
茶托,
保温瓶,
管子,
墙,
角色侧面,
纵队排列,
皱眉,
长指甲,
肋骨,
乳房闷杀,
脸埋胸部,
女上位,
快乐性交,
流口水,
护目镜,
护目镜挂脖子,
剑鞘,
鞘,
入鞘,
6+男孩,
面具,
口罩,
忍者面罩,
短剑,
带字幕,
真相,
链子,
链牵引绳,
被链拴住,
手铐,
手铐,
金属项圈,
跳舞,
红薯,
动物坐大腿,
罐子,
猫坐大腿,
银杏树,
坐大腿,
红指甲,
极短发,
臀部焦点,
额外耳朵,
腹股沟肌腱,
拟人化,
撕破裤子,
共享对话框,
眼中流血,
擦眼泪,
发光,
发光眼睛,
挥拳,
说话的物体,
红色领带,
白色花朵,
>:( ,
胸部羡慕,
额外,
星星耳环,
宽椭圆眼睛,
绿色领结,
灰色袜子,
红色头饰,
儿童,
恶魔尾巴,
无指手套,
宝石,
光环,
无瞳孔,
传统光环,
白色一件式泳衣,
异色瞳,
贝雷帽,
迈安德罗斯纹,
勾引,
裸背,
拉裙子,
膝窝,
内裤侧开,
衬裙,
皮肤勒痕,
不对称眉毛,
蓝色紧身衣,
不可能紧身衣,
花花公子兔女郎,
兔子尾巴,
波浪嘴,
粉色胸罩,
波点胸罩,
波点内裤,
兄妹,
睡衣,
条纹睡衣,
条纹裤子,
条纹衬衫,
垂直条纹,
走入,
怀孕,
窒息,
头部出框,
勒脖子,
公园长椅,
背包,
色情怪诞,
疲软,
荣耀洞,
痛苦,
兰朵塞尔,
灰色衬衫,
手抚他人脸颊,
百合花,
拿着水果,
超大食物,
眯眼,
褐色调,
阴户微露,
解开扣子,
戒指,
丁字裤,
棕色夹克,
姓名牌,
棕色马甲,
手放自己肘部,
踝靴,
蓝色鞋履,
拿着水桶,
拖把,
交叉双腿,
整理衣服,
整理腿衣,
旋转木马,
双手放脚上,
马,
骑马,
骑乘,
头发遮眼,
胡萝卜发饰,
衣服文字,
食物主题发饰,
双手放膝盖,
鞋带,
条纹袖子,
人偶关节,
关节,
红色主题,
短款衬衫,
爱心手势,
啤酒,
手插自己头发,
饮品杯,
吸管,
单腿站立,
绊倒,
酒杯,
手臂绕脖子,
含单根头发,
向上盘发,
冰淇淋甜筒,
黄色背心,
狗尾巴,
褶边连衣裙,
披肩,
环形卷发,
面部纹身,
隐形椅子,
纹身,
泪珠纹身,
湿衣服,
湿头发,
湿衬衫,
紫色花朵,
紫玫瑰,
格子图案,
紫色边框,
剪裁短裤,
参考图,
动漫上色,
唐装,
黑色背心,
正面视角,
抽屉柜,
恶作剧,
御币,
手扶额头,
尖头高跟鞋,
乘务员,
无脸,
无脸男性,
足交,
裤袜下内裤,
双脚足交,
幽灵,
平板表情,
空洞双眼,
蓝色头饰,
编织马尾,
电脑,
显示器,
饮料,
玻璃杯,
红色手套,
竖瞳,
太阳帽,
太阳裙,
着色眼镜,
持刀,
吊梢眉,
电吉他,
吉他,
持乐器,
缠胸,
身高标尺,
看向别处,
绿色丝带,
袖吊,
棕色开衫,
棕色袜子,
开衫,
开衫背心,
头翼,
发箍,
骷髅交叉骨,
水族箱,
蝠鲼,
无袖连衣裙,
隧道,
水下,
衬裙,
披肩,
滴水,
牛奶,
近裸围裙,
冰箱,
溢出,
黑色领结,
网格背景,
修女服,
修女,
截肢者,
人造人,
公司名称,
运动衫,
发绳,
长辫子,
三围,
侧开衩,
无肩带胸罩,
白色紧身衣,
腕带,
黄色胸罩,
黄色发带,
军装,
手臂倚靠,
灰色夹克,
瞌睡,
海绵,
版权通知,
桥月娜塔,
娜塔_(工具),
公共裸体,
自动贩卖机,
蓝色布玛,
灰色大腿袜,
抓别人屁股,
梳子,
漫画_(物体),
害怕,
思考,
@_@,
打滚,
性交后,
阴部射精,
抓取,
Q版插图,
穗原学园校服,
红色毛衣,
马甲,
女性变态,
变态,
数位板,
拿着摘下的眼镜,
海洋,
未戴眼镜,
抱着动物,
抱猫,
手按头饰,
白化,
休闲连体泳衣,
露背,
绿色指甲,
多层裙,
吊坠,
肛交,
肛门物体插入,
长脚趾甲,
乳头刺激,
物体插入,
泳帽,
脚趾蜷曲,
振动棒线,
振动棒贴乳头,
蓝色水手领,
黄色领带,
猫爪,
捕蝶网,
电风扇,
手网,
热,
狮子,
西瓜,
紫色帽子,
手镯,
脚部超出画面,
金色镶边,
多彩外套,
躺在地上,
念珠,
红色外套,
白色外套,
胸甲,
肘甲,
露出獠牙,
手握剑柄,
骑士,
肩甲,
上臂甲,
肩部护甲,
前臂护甲,
射精,
双手插口袋,
糟糕的解剖结构,
糟糕的脚部,
女性潮吹,
蒲团,
女同摩擦,
双性恋女性,
双穴插入,
女女男三人行,
舔手指,
尖叫,
三人行,
粉色头饰,
双性恋男性,
鸭子,
双腿上举,
星星印花,
围兜,
麻薯,
麻薯痕迹,
橙子,
羊,
尾巴摇摆,
愚人节,
电影海报,
塑料袋,
海报_(中等),
黑色花朵,
黑色玫瑰,
藤蔓,
拿着长柄武器,
单手护手,
灵气,
镜头光晕,
衣服下泳装,
打结衬衫,
三叉戟,
蓝色指甲,
头发散开,
裸披风,
细高跟鞋,
高腰裙,
彩虹背景,
寒冷,
苹果,
男子气概,
肌肉男,
球拍,
网球拍,
绿色颈饰,
浴室,
擦干,
擦头发,
毛巾围脖子,
转头,
体重秤,
白色短裤,
控制器,
遥控器,
瑞士卷,
新月帽饰,
帽饰,
星星帽饰,
坏食物,
蜥蜴,
蛇,
探头偷看,
欢呼,
毛毯,
肚子咕咕叫,
恶搞,
凝视,
未戴_帽子,
未戴_头饰,
|_|,
ak-47,
弹药_带,
子弹,
弹药,
弹壳_弹出,
灰色_紧身衣,
h&k_ump,
头盔,
卡拉什尼科夫_步枪,
轻机枪,
口红,
m1911,
机枪,
军人_操作员,
冲锋枪,
双手_手交,
微型_比基尼,
烹饪,
抽搐_阴茎,
手插_口袋,
竖拇指,
水蓝_背景,
栗子_嘴,
奇幻,
金色_王冠,
胫甲,
手握_剑柄,
高跟_靴子,
站定,
插地_剑,
尖顶_王冠,
尖刺,
持_香烟,
凌乱_头发,
别针,
腹部_纹身,
城市,
倚靠,
学校_椅子,
抬腿,
在_桌上,
半框_眼镜,
条纹_袜子,
下框_眼镜,
白色_翅膀,
捏_乳头,
手伸_他人_内裤,
手在内裤中,
十字架项链,
点状鼻子,
拉丁十字,
粉色天空,
暮光,
白色领结,
褶边腿衣,
高尔夫球杆,
照片镶嵌,
祈祷,
水手服,
共用雨伞,
暗示亲吻,
脚底,
展示,
格子衣服,
高领,
高叉连体泳衣,
多彩泳衣,
粗壮大腿,
白色框眼镜,
宽臀,
斧头,
能量剑,
御宅族,
盾牌,
蜻蜓,
纸扇,
团扇,
黄色和服,
浴衣,
袖子过手指,
橙色缎带,
展示脱下的内裤,
骷髅发饰,
拱起后背,
仅下排牙齿,
按摩,
混浴,
肥皂泡,
洗澡,
腿部截断,
双色连衣裙,
彩色皮肤,
倾倒,
白皮肤,
尿,
小便,
注视胸部,
斜视眼,
地板,
当代,
擦嘴,
浴缸,
咖啡,
淋浴,
泪流满面,
封印之杖,
蓝框眼镜,
手镯,
黑暗精灵,
老年,
老头,
叹气,
发环,
手扶栏杆,
中分发,
睫毛,
眨眼,
抱住自己的手臂,
传统修女,
坏笑,
改装服装,
连裤袜,
机械耳朵,
浅水池,
扇风,
内裤暗示,
汽车,
猫在头上,
旗帜,
隐藏,
突击面罩,
拿着光剑,
光剑,
宇宙飞船,
橙色短裤,
叩拜,
三白眼,
无袖高领,
角色人偶,
抱枕（物体）,
百合暗示,
缝纫,
纯色椭圆眼,
秃头,
鼓,
熊猫,
拔刀,
宽松裤子,
红色裤子,
红色背心,
棕色腰带,
龙,
折叠,
膝盖抱胸,
蝙蝠_(动物),
羽毛博亚,
棒球帽,
红色腰带,
糟糕透视,
工装裤,
黄色鞋履,
绿色边框眼镜,
迷你男孩,
红十字,
疤痕,
骷髅,
公交车,
车牌,
无人类,
壁钟,
臂环,
蓝色披风,
蓝色宝石,
遮挡胸部,
裸体披风,
裸体遮挡,
立领,
肩垫,
多个四格漫画,
吹口哨,
多个痣,
柱状黑边,
紧绷衣服,
紧绷连衣裙,
胸罩透过衣服可见,
扬起眉毛,
紧身衣服,
紧身衬衫,
红色领巾,
笔记本电脑,
白玫瑰,
法语文字,
深蓝色头发,
棕色主题,
耳标,
毛边袖子,
多个戒指,
兽交,
精液丝,
长舌头,
烤肉叉,
触手性交,
协助强奸,
动物帽子,
烧焦衣服,
彩纸屑,
双手反袖,
非传统巫女,
背带,
茶具,
u_u,
手臂绕背,
假光环,
假翅膀,
手搭他人腰,
蕾丝内裤,
脱下衣服,
图书馆,
条纹连衣裙,
红色体操短裤,
绿色围裙,
裸围裙,
无眼,
紫色背景,
紫色头饰,
闪耀背景,
冰棒,
书堆,
梅花_(形状),
方片_(形状),
滴落,
v形眼睛,
并排,
抬膝,
敞开连衣裙,
动作,
决斗,
狐狸面具,
拿着面具,
紫色和服,
害羞,
未戴面具,
链项链,
红衬衫,
阴道后,
精液滴落,
自己张开阴部,
破损连裤袜,
衣服上血迹,
割伤,
受伤,
室内,
饭勺,
发包,
接口头盔,
机甲驾驶服,
插拔服,
双排扣,
绿色腿衣,
眼罩,
破坏者戈尔贡,
拿着链子,
无肩带连衣裙,
露背服装,
蓝色花朵,
花卉背景,
花卉印花,
纤细腿部,
脚链,
海豚,
红色比基尼,
运动比基尼,
坦克比基尼,
尾巴铃铛,
尾巴饰品,
城市景观,
紫色天空,
摩天大楼,
战锤,
漩涡棒棒糖,
黑色水手服,
模糊背景,
灰色领巾,
灰色水手领,
双手置于自己大腿上,
多彩背景,
粉色玫瑰,
拉起水手领,
剪影,
大卫之星,
白色臂章,
手持镜子,
棕色连衣裙,
褶边内裤,
矢絣,
调整头饰,
鞋饰蝴蝶结,
拿着_公文包,
残影,
咖喱,
鱼糕,
肉,
鸣门卷,
面条,
拉面,
杆,
高领毛衣,
头叠头,
棋盘游戏,
折扇,
将棋,
鸟居,
褶边衬衫领,
白色袖子,
撕裂袖子,
未戴发饰,
米色背景,
焦散,
网格,
紫色比基尼,
熊耳,
注视线,
骨盆帘,
白色短披风,
变体,
振动棒_在_过膝袜中,
蓝色手套,
掉影,
毛领,
黄色披风,
协助暴露,
蓝色领带,
掀裙,
包子,
带刺铁丝,
出角色,
肩后,
风衣,
武器_肩扛,
周年纪念,
棕色帽子,
假发,
骰子,
骰子发饰,
多个发蝴蝶结,
红色项圈,
橙色比基尼,
聚光灯,
不对称对接,
比基尼晒痕,
合作口交,
性团队合作,
睾丸,
拉袜子,
靠着树,
心形巧克力,
心形食物,
胡子,
着衣动物,
青蛙,
钥匙,
单片眼镜,
猫头鹰,
嘴含烟斗,
抽烟斗,
上弦钥匙,
旭日光芒,
瞄准观者,
拿着茶托,
地毯,
坐在膝上,
坐在人身上,
在容器中,
在杯中,
在食物中,
酱油,
前扣胸罩,
敞开胸罩,
敞开裙子,
拉衬衫,
遮挡乳头,
学兰,
屁股上射精,
无身体阴茎,
隐形阴茎,
树枝,
手机,
翻盖手机,
橙色大腿袜,
电话,
餐巾纸,
纸巾盒,
舞者,
拿着鞭子,
低腰比基尼,
鞭子,
多云天空,
丰满,
弓_(武器),
毛边兜帽,
毛边短裤,
手放在膝盖上,
迷你皇冠,
黄色袜子,
斑驳阳光,
抓着手带,
阴影,
树荫,
外星人,
生物,
眼球,
独眼,
黏液_(物质),
奶酪,
鼠_(动物),
鼠耳,
鼠娘,
鼠尾,
生病,
鼻涕,
春葱,
祭司,
手推车,
持匕首,
仰头,
青筋手臂,
裸体背带裤,
背带短裤,
留声机,
唱片,
3/4视角,
袖扣,
假兽耳,
多彩连衣裙,
鼓包,
暗示扶她,
抱枕,
手上血迹,
3d,
蓝色衬衫,
全息界面,
多彩衬衫,
用户界面,
百叶窗,
日历_(物体),
棍_(武器),
灰色裤子,
金棒,
狼牙棒,
甜甜圈发髻,
性暗示,
竹子,
竹林,
木屐,
大腿之间,
护士,
腿间,
手置腿间,
色纸,
手臂在头后,
海滩伞,
交叉线描,
交替翅膀,
橙色阿斯科特领巾,
警告标志,
泪滴,
恼怒,
扬起眉毛,
道路,
科幻,
透视衬衫,
红色天空,
甩头发,
圆形阵型,
胎儿体位,
戳刺,
该姿势,
抓衣服,
躲在另一人身后,
二指敬礼,
黑皮肤男性,
歓承＆薄夜_(命运),
空中烟花,
袋装鱼,
黑色和服,
烟花,
鱼图案,
金鱼,
绿色腰带,
持扇,
远眺,
粉色腰带,
印花和服,
刨冰,
女性支配,
绑带假阳具,
你要被强奸了,
贴玻璃,
乳房贴玻璃,
反向坐姿,
困惑,
粉色裤子,
偷看,
偷窥,
d:,
紧身衬衫,
仙人掌,
河流,
直立跨坐,
痴汉,
猥亵,
腿交,
隔着衣服,
日本,
运动中,
鞋底,
足球,
足球,
泰尔斯塔,
背逆姿势,
梯子,
彩虹,
风景,
广角,
超长头发,
夜空,
mmf三人行,
射在衣服上,
单垂直条纹,
仿传统媒体,
额外眼睛,
网点背景,
拿着针,
针,
音乐,
唱歌,
食物插入,
拿着蔬菜,
熟女,
蔬菜,
布玛拨开,
肥胖,
胖男人,
羞辱,
鼻孔,
侧光,
水瓶,
钻头,
玩游戏,
牡丹_(花),
鞋悬荡,
单只鞋,
内嵌,
v遮眼,
手放在头上,
假面部毛发,
假胡子,
玩弄他人的头发,
拿着笔,
官方备用服装,
婚纱,
拿着串签,
橙色主题,
串签,
果酱,
母女,
v领,
渔网裤袜,
互相拥抱,
贝雷塔92,
褶边发带,
缎带镶边衣服,
心形瞳孔,
符号形状瞳孔,
拿着碗,
条纹连体泳衣,
斜条纹,
湿地板,
手臂缎带,
脚上精液,
坐在脸上,
拉扯他人的衣服,
氨纶,
肥皂打码,
水枪,
烘焙,
厨房,
fff三人行,
夹鼻眼镜,
多个骑乘者,
薯片_(食物),
剪头发,
理发,
断发,
在车上,
电线,
电线杆,
蓝色_比基尼,
拿着_鞋子,
火车站,
沙滩球,
拿着_沙滩球,
铁路_道口,
建筑,
箭_(投射物),
报童帽,
东亚_建筑,
袴,
袴裙,
巫女,
带締,
御神签,
红色_袴,
七宝_(图案),
打哈欠,
花冠,
包_挂饰,
蓝色_夹克,
蓝色_裤子,
花束,
饰品_(物体),
参差_刘海,
手_握把,
拿着_花束,
多山_地平线,
紫色_水手领,
紫色_水手服,
火车_内部,
消失点,
木地板,
条纹_蝴蝶结,
黄色_主题,
秋叶,
咬,
条纹_领结,
手放在_别人的胸上,
槌,
鱿鱼,
血_飞溅,
截断_躯干,
看着_物体,
扳机_纪律,
神乐铃,
大御币,
纸垂,
短刀,
法棍,
面包,
厨师,
鸟群,
果汁盒,
海鸥,
气球,
储物柜,
更衣室,
嗅闻,
闻衣服,
帽羽,
大帽子,
摇摆后背,
吊带裙,
射箭,
黑色袴,
仿真人偶,
弓道,
胸当て,
部分露指手套,
单手套,
绑缚_(非性),
弓挂,
弓_(弓),
蕾丝镶边手套,
搭扣,
星彰小学制服,
手放在别人的手臂上,
手放在别人的背上,
:x,
脸上有食物,
黄色短裤,
商务套装,
裙装套装,
誓约胜利之剑_(fate/stay_night),
牛仔裙,
前贴,
竹刀,
不对称服装,
手放在自己的大腿上,
肛门指插,
阴蒂刺激,
新月发饰,
在盒中,
月亮_(饰品),
白色头饰,
缎带镶边裙,
高踢腿,
分腿,
站立分腿,
萤火虫,
彩色阴毛,
走光,
伸展,
绿色领巾,
绿色水手领,
嫉妒,
猴子,
星星_(天空),
星空,
头饰,
蓬松长袖,
灰色马甲,
印花缎带,
紫色领带,
粉色鞋履,
格子裙,
罗马音文字,
肩背包,
条纹尾巴,
竹蒸笼,
飞溅泪滴,
撕破过膝袜,
紫色短裤,
电脑键盘,
侧坐,
阴阳师,
动物服装,
猫咪装,
高音谱号,
式神,
七分裤,
扶桑花,
竞技泳装,
长脖子,
粉色比基尼,
护目镜头顶,
踢水板,
黑色连体泳衣,
泳池边,
蓝色连体泳衣,
股间,
旧校泳装,
桃子,
裙篮,
香蕉,
半开阴户,
双面布料,
摩擦,
反向前后夹击,
手里剑,
举起的拳头,
护腕,
红色紧身衣,
事故,
彩色发梢,
喂食,
玻璃桌,
餐厅,
皮带扣,
棕色腰带,
魔法书,
爱丽丝的魔法书,
窗户阴影,
狮耳,
爱抚睾丸,
发光的翅膀,
头发性交,
吸吮睾丸,
被打屁股,
打屁股,
拿着汤勺,
汤勺,
雀斑,
淋浴喷头,
打扫,
面包片,
嘴里食物,
兜裆布,
吐司,
嘴里吐司,
蓝色领结,
拿着筷子,
乌冬面,
树莓,
眨眼吐舌,
灯光,
水洼,
倒影,
反射水面,
奔跑,
湿内裤,
蓝色工装裤,
废墟,
紫色尾巴,
黑色羽毛,
竖条纹衣服,
竖条纹袜子,
手掌印,
拿着花,
图案背景,
倚靠人物,
裸髋,
服装错误,
你做错了,
交通锥,
碎片,
画面外审查,
捏脸颊,
拉嘴,
捏,
凝结尾迹,
山羊胡,
导弹,
面部标记,
巷子,
城镇,
裤腿卷起,
切烟管,
破损眼镜,
橙框眼镜,
挺翘乳房,
鼓组,
鼓槌,
蕾丝胸罩,
腹白线,
腹中缝,
粉色袜子,
单袖,
蓝色皮肤,
体温计,
百奇吻,
共享食物,
兔女郎,
短尾,
鬼,
头,
相似,
踮脚尖,
新娘护腕,
褶边枕头,
三叶草,
手遮眼睛,
1990年代_(风格),
像素艺术,
复古艺术风格,
拿着盘子,
攻击,
爬行,
绘画_(物体),
大钢琴,
钢琴,
钢琴凳,
瓷砖天花板,
瓷砖,
念珠,
十字架受难,
反向悬挂交合,
花朵特写,
发光花朵,
风景,
月光,
山,
灰色外套,
长外套,
粉色外套,
白色围巾,
在箱子上,
美国国旗,
法国国旗,
德国国旗,
意大利国旗,
日本国旗,
俄罗斯国旗,
一串旗帜,
英国国旗,
友枝小学制服,
橙色天空,
桥,
黑框眼镜,
印花过膝袜,
身体书写,
比基尼裙,
牛仔帽,
牛仔西部风,
流苏镶边,
红色胸罩,
海盗,
褶边领巾,
秋天,
异常睁大的眼睛,
成熟男性,
鬓角,
灰色内裤,
肛毛,
过多阴毛,
海贝,
贝壳,
包扎的腿,
机甲娘,
手指_在_自己_口中,
大腿带_连裤袜,
绿色_鞋履,
绿色_袜子,
锤子,
拿着_锤子,
隔着_衣服_指交,
隔着_内裤_指交,
精液_在_眼镜上,
精液_在_地板上,
股绳,
部分_脱衣,
伸手_向_观众,
溪流,
亚洲人,
展示_乳房,
橙色_衬衫,
圆形_剪裁,
高侧_马尾,
沙子,
未系_比基尼,
圆柱,
柱子,
拿着_相机,
蓝色_轮廓,
左轮手枪,
躺椅,
博丽神社,
醉酒,
清酒_瓶,
手臂_在_乳房下,
细绳_内裤,
类人_机器人,
服装,
万圣节,
杰克_南瓜灯,
豹纹,
南瓜,
吸血鬼,
破魔矢,
蓝色_开衫,
手指_尖对尖,
压制_乳房,
高叉_连体衣,
紫色_连体衣,
星星_发饰,
木吉他,
蝴蝶,
拿着_吉他,
红色_蝴蝶,
巨大阴茎,
手放在自己脖子上,
枫叶,
交叉系带服装,
交叉系带袖子,
鞋花,
颈花,
维纳斯符号,
细腰,
漂浮,
漂浮书本,
漂浮物体,
橙色夹克,
布告栏,
瓷砖地板,
四马尾,
纱笼,
白色纱笼,
蛙缚,
绳缚,
脸埋屁股,
母子,
嗅闻,
烟雾,
柔韧,
二进制,
水蓝连衣裙,
拱形王冠,
无胸服装,
紧身胸衣,
斜躺,
褶边手套,
红唇,
短款马甲,
金手链,
圆环耳环,
腰布,
颈环,
开襟背心,
内裤外露,
白色抹胸,
コミケ,
人群,
拿着标语,
人们,
卍字符,
在栏杆上,
栏杆,
棕榈树,
死亡,
罐子,
过于_字面,
黄色_连衣裙,
空气_气泡,
丁字_比基尼,
决斗_学园_制服_(游戏王GX),
抓住_自己的_头发,
涂鸦_内嵌,
灰色_缎带,
灰色_翅膀,
抓住_自己的_屁股,
品牌_仿冒,
乳汁,
法式_辫子,
巨大_乳头,
挤奶_机,
音符_发饰,
鹰,
超大_动物,
骑乘_动物,
松开的_领带,
橙色_蝴蝶结,
橙色_领结,
长_衬衫,
双色_头发,
在_草地_上,
双色_腿部_服装,
什么,
武器_上_有血,
蛋,
产蛋,
香肠,
阴道_物体_插入,
摇晃,
榻榻米,
蓝色_包,
未佩戴_包,
反向_口交,
黑色_水手领,
瓶底_眼镜,
点状_背景,
背光,
表情,
手_放在_自己的_脸颊,
严肃,
大喊,
发脾气,
睁大_眼睛,
飞踢,
拿着_钓鱼竿,
马尾,
巨大武器,
明亮瞳孔,
咀嚼,
鲷鱼烧,
白色瞳孔,
绿色过膝袜,
运动内衣,
白色运动内衣,
手臂毛发,
手臂被拉后,
体毛,
胸毛,
腿毛,
呻吟,
粉色发圈,
侧辫,
大腿抓握,
幼儿控,
黑色眼罩,
眼睛被遮,
乳沟间,
扎头发,
长笛,
持长笛,
竖笛,
棕色手套,
燕尾,
肩章,
小鸡,
炉子,
红色斗篷,
水槽,
放大器,
鸟嘴,
卡拉OK,
歌词,
页码,
粉色领带,
站立性交,
手按他人胸部,
因妹,
继兄妹,
摔倒,
霍格沃茨校服,
无上衣,
军帽,
真人插入,
西装外套,
头巾,
未穿衬衫,
机甲焦点,
杂志（物体）,
透视腿衣,
2格漫画,
第四面墙,
妖精,
手臂上的动物,
手臂上的鸟,
调整泳装,
格子比基尼,
膝盖创可贴,
腿上创可贴,
罗纹腿衣,
轻度审查,
抓头发,
兜帽拉下,
白百合,
抱着动物,
戳胸部,
雾,
手搭自己手臂,
骨头,
蓝色和服,
褶边和服,
口中衔花,
流苏,
跺脚,
躯干捆绑,
胸部绳缚,
红色绳子,
黄色发圈,
衬裆,
地球（行星）,
行星,
太空,
打火机,
振假名,
闪电符号,
小说封面,
衬衫塞入,
夏季制服,
拿着瓶子,
手偶,
木偶,
绣球花,
小狗,
活化衣服,
投掷飞刀,
异色,
蝙蝠印花,
菱形镂空,
橙色裤袜,
印花裤袜,
云朵上方,
紫色领巾,
白色腿衣,
瀑布,
阴户汁液污渍,
尿道,
蒲公英,
透视,
飘落羽毛,
睡袍,
圆形,
常春藤,
圆形图像,
多彩丝带,
格纹丝带,
红色星星,
曲线身材,
前接缝腿衣,
灰色腿衣,
巨臀,
接缝腿衣,
蓝色腿衣,
战斗靴,
分开手指,
围裙连衣裙,
黑色裤子,
爆炸,
格子衬衫,
>o<,
食物主题服装,
一体式丁字裤,
体格差异,
丁字紧身衣,
尖利指甲,
带翼鞋履,
带翼帽子,
静止图案,
微短裤,
行李箱,
训练胸罩,
黄色过膝袜,
波点比基尼,
泳装下裤袜,
腋交,
汉堡包,
七夕,
草履,
灰色领带,
松垮腰带,
纯文本页面,
睁眼哭泣,
做梦,
爪子,
角饰带,
黑猫,
猫形发饰,
宠物食物,
手机,
拉门,
阳台,
持麦克风,
强势女性,
手搭他人脖子,
东京3中学校服,
跑车,
摩擦,
抓住他人下巴,
手放他人下巴,
鸡肉_(食物),
坐于物体上,
用脚握持,
POV手,
吉祥物,
:>,
手持游戏机,
任天堂DS,
节肢动物娘,
蟑螂,
灰色鞋履,
徽标,
铁路轨道,
闹钟,
数字钟,
格子内裤,
踝袜,
在沙发上,
鸡毛掸子,
扫描线,
游戏主机,
游戏手柄,
盘腿坐姿,
电子游戏,
生日蛋糕,
动物耳发箍,
白色裤子,
背纹身,
恶魔_男孩,
假阳具_骑乘,
手指_吮吸,
男性_被插入,
阴茎_避孕套,
已用_避孕套,
阴茎_已用避孕套,
棕色_裤子,
肚脐_穿环,
穿孔,
被插入_射精,
无手_射精,
下垂_兔耳,
润滑剂,
男性_自慰,
灯柱,
管家,
霰弹枪,
褶边_头饰,
岩石_上,
壶_(容器),
填充_蛙,
人行道,
艺术_画笔,
画笔,
绘画_(动作),
调色板_(物体),
辫子_发环,
发圈,
红色_宝石,
特征_连接,
白色_眼睛,
丝带_束缚,
黑色_比基尼,
眼镜_头顶,
不可能_泳装,
粉色_嘴唇,
紫色_发圈,
不对称_乳房,
门道,
石地板,
无躯_手,
彼岸花,
僵尸,
布丁,
深绿色_头发,
矩形_嘴,
红色_围巾,
新娘,
dreadlocks,
疯狂眼神,
满脸红晕,
拉裙子,
掀他人衣服,
射击,
枪口焰光,
绿色比基尼,
头发盖一乳,
摩托车服,
摩托服,
敞开紧身衣,
衣服夹大腿,
黑色镶边,
十字系带裙,
希腊十字,
长刘海,
色情,
粉色紧身衣,
头上物体,
男同,
头巾,
紫色腰带,
立绘,
拍手,
不对称双马尾,
黑键_(TYPE-MOON),
草书,
多把剑,
无嘴,
发光剑,
发光武器,
未系,
不同发长,
备用武器,
无翅膀,
绿色开衫,
低胸,
心形发饰,
脖子,
女王,
无腿衣,
彩色睫毛,
水龙头,
粉色发带,
紫色项圈,
尾巴抬起,
脱他人衣,
拿盒子,
粉色睡衣,
分享食物,
单边侧发,
松散发丝,
锚,
虎鲸,
假截图,
双震动控制器,
游戏手柄,
多任务处理,
PlayStation控制器,
产品植入,
狗娘,
鸟类印花,
千早（服装）,
鹤（动物）,
戳脸颊,
暖桌,
蜜柑,
蓝色尾巴,
拿着牵引绳,
爪鞋,
粉彩色调,
对称,
礼物,
拿着礼物,
食物摊位,
灯笼,
纸灯笼,
屋台,
手臂置于胸下,
抹布,
未穿袜子,
双垂直条纹,
走廊,
抱着毛绒玩具,
咬口塞,
口塞,
被塞嘴,
兽人,
兽人男性,
团体照,
写实,
舌上精液,
抓住阴茎,
小指翘起,
预射液,
筋络阴茎,
静脉滴注,
言语感叹号,
耳机挂脖子,
木刀,
木剑,
凳子,
黄蝴蝶,
心形胸针,
手指合拢,
食指合拢,
手上的鸟,
超大衬衫,
袖子过肘,
\o/,
青蛙发饰,
船,
船艇,
激光,
+++,
坐在肩膀上,
洗衣机,
战斗刀,
黑色毛衣,
黑色内衫,
门,
出轨_(关系),
失败,
NTR,
丑男,
叉勺,
眼袋,
韩文,
在桌上,
担忧,
大象,
趣味审查,
橙色毛衣,
驾驶,
在摩托车上,
长矛,
骷髅,
蓝色围裙,
奶油,
食物在乳房上,
kobeya制服,
褶边衬衫,
柔和色彩,
裸体床单,
婴儿,
哺乳,
如果他们交配,
母性,
击掌,
大型针筒,
注射器,
人字拖,
帽穗,
操纵杆,
地图,
橙色帽子,
晴天娃娃,
护符,
紫色斗篷,
包扎手臂,
杂志封面,
下垂乳房,
头戴耳机,
流星,
飞机,
裤衩卡臀,
裤子敞开,
圆形牙齿,
撩头发,
衣服被偷,
偷窃,
未穿胸罩,
中国生肖,
强调线条,
胡须标记,
发光的手,
耳朵抖动,
格子背景,
城市灯光,
秀女裙,
手按自己腹部,
不对称刘海,
多余手臂,
体操,
圈,
九字诀,
火星符号,
扩音器,
啦啦队彩球,
艺术体操,
透明,
啦啦队,
橙色内裤,
太阳符号,
运动连体衣,
粉色短裤,
扳手,
髋部通风口,
手腕缎带,
绿色帽子,
绿色长袍,
条纹比基尼,
自由潜水,
不对称翅膀,
拿着拨片,
拨片,
红色阴毛,
舔嘴唇,
臂暖袖,
臂铐,
蝴蝶坐姿,
鹅毛笔,
双手,
饭团,
人魂图案,
站在液体上,
杂乱房间,
张开肛门,
黄色领结,
交叉刘海,
砖块,
立方体,
堆叠,
搅拌碗,
毛边连衣裙,
毛边袖口,
内裤戴头上,
手机照片,
自拍,
黄色颈圈,
部分可见外阴,
蓝色边框,
富有表现力的衣服,
手放在自己脸颊上,
鼻涕泡,
螺旋,
孤独,
卫生纸,
手放在自己肩膀上,
光秃树木,
共享衣服,
共享围巾,
冬季外套,
怀表,
破碎,
抽屉,
河岸,
紫色裤袜,
扶她与扶她,
扶她自慰,
相互自慰,
阴茎接触,
毛边裙,
红色连指手套,
腰带裙,
毛衣裙,
戴手套手交,
双手手交,
chap裤,
绿色披风,
收缩瞳孔,
新月图案,
瞳孔不对称,
烤红薯,
未出鞘,
胁差,
轮椅,
背屈,
石灯笼,
动物焦点,
跳水,
冰,
飞溅,
天平,
扼喉,
运动服,
拿着刀鞘,
便当,
精液在容器中,
精液在杯中,
向上指,
棕色围巾,
田野,
灰色连衣裙,
紫色披风,
身体彩绘,
标记,
天狗面具,
向下指,
空调,
菜单,
未系鞋带,
钻石（宝石）,
大小姐姿势,
公主,
爪手套,
腿部丝带,
图表,
妖精翅膀,
假角,
带角头盔,
钢丝,
吐舌拉眼皮,
拉眼皮,
胡须,
追逐,
大衣,
测量,
灰色短裤,
四指爱心手势,
比基尼底裤拨开,
蠕虫,
球形口塞,
捆绑在一起,
蜂窝球口塞,
性爱机器,
育儿袋,
蜗牛,
弹弓泳装,
悬吊,
美人鱼,
虾,
天妇罗虾,
天妇罗,
鳍,
头部鳍,
鳃,
棒球,
敞开外套,
丝绸,
直立睡觉,
蜘蛛网,
木桶,
鞋饰缎带,
反器材步枪,
手抓自己臀部,
狙击步枪,
紫色袴,
打蛋器,
头发向后梳,
阴茎贴脸,
警察,
警察制服,
女警察,
嘴流血,
双V手势,
擦汗,
手伸入衣内,
四角裤,
维纳斯酒窝,
抓腿,
男性内裤,
录音,
宠物碗,
裸体裹毛巾,
折叠椅,
手臂夹乳间,
脸埋乳间,
头埋乳间,
动物拖鞋,
拿着伞,
紫色罩袍,
黑色吊袜带,
吻脸颊,
拿着饮料,
尾巴缎带,
帽花,
夏季,
卷曲角,
醒来,
演奏乐器,
麦克风支架,
扬声器,
马鞭,
大提琴,
街道,
拿着鼓槌,
贝斯吉他,
电贝斯吉他,
衣柜,
灰色毛衣,
拿着花洒,
淋浴间,
肥皂瓶,
黑色腰带,
手指扣扳机,
M16,
拨弄头发,
嘴含吸管,
看着食物,
低双辫,
双色鞋履,
白色毛衣,
敞开袍子,
胶带,
互锁手臂,
打字,
小便池,
炊锅,
生菜,
能抓握的头发,
颈部吊袜带,
黑色紧身衣,
无肩带紧身衣,
暗示性液体,
长尖耳朵,
牛耳朵,
牛娘,
牛纹,
牛尾巴,
牛铃,
粗重呼吸,
装甲手套,
胸甲,
束腰短袍,
毛边腿衣,
裸体罩袍,
细绳,
竞赛学校泳装,
双关语,
稀疏阴毛,
浴凳,
呆毛,
坐在凳子上,
怒容,
侧边辫子,
浅紫色头发,
巨大月亮,
七弦琴,
和服女仆,
帽檐帽,
角色反转,
白色领带,
绿色领带,
上框眼镜,
有限色板,
玩具,
黑色尾巴,
粉色翅膀,
^o^,
雪人,
克隆体,
黑色外套,
给予,
厕所隔间,
宠物扮演,
多色腿衣,
条纹裤袜,
帐篷,
瓷砖墙,
自尿,
透视裙,
砖墙,
手撑墙,
手放在臀部,
张开臀部,
臀交,
阴茎贴臀,
独眼,
红皮肤,
衣服下触手,
白毛皮,
抓自己的乳房,
暗示性交,
蒸汽打码,
棕色短裤,
灰色腰带,
高衩裙,
超短裙,
米斯拉_(ff11),
内陷乳头,
健壮,
健壮女性,
全套扶她,
手指含在别人嘴里,
手搭在别人手上,
勺式,
后宫,
拉扯裙子,
伸手绕后,
橙色围巾,
舔别人脖子,
敞开短裤,
遥控振动器,
噤声,
灯,
香烟盒,
菱形格纹衣服,
菱形格纹腿饰,
搂腰,
多鸟居,
绿茶,
坐垫,
拉弓,
持弓_(武器),
水蓝主题,
嘴里丝带,
发间可见耳朵,
蕾丝边连衣裙,
透视连衣裙,
额头标记,
睡乱发,
浴袍,
新年快乐,
新年,
多彩眼睛,
拿着旗帜,
抱着书,
视觉小说,
褶边帽子,
腋下携带,
地毯,
言语波纹,
推,
当你看到它,
指针,
蓬莱玉枝,
褶边比基尼,
波点泳衣,
挥砍,
紧身连体袜,
绿色手套,
手按耳机,
角色遮挡,
棒球棒,
吊顶灯,
粉色围裙,
健身房,
排球,
排球（物体）,
散景,
衣服夹乳间,
创作者关联,
拿着注射器,
雪茄,
低语,
十字发饰,
衣服含口中,
黑色吊带背心,
锥形发髻,
蜜瓜面包,
看着阴茎,
阴茎惊叹,
封面图像,
投影内嵌,
键盘乐器,
小号,
小提琴,
吻痕,
唇印,
跨床视角,
肘撑,
射乳,
饮料罐,
汽水罐,
动物化,
徽章,
纽扣徽章,
电脑鼠标,
父女,
突然亲吻,
薄纱,
袖子卷起,
锯子,
平底锅,
锅铲,
地平线,
坐在水上,
波浪,
海报_(物体),
蓬松裤子,
蓬松短裤,
小乳头,
阿嘿颜,
抓屁股,
着衣女裸女,
精液溢出,
操傻,
舔腋窝,
办公室女郎,
反向直立跨骑,
悬吊式体位,
交通信号灯,
全裸,
着衣绳缚,
扩散杆,
乳间头发,
水晶球,
橙色眼镜,
指向观众,
爆炸头,
鬼脸,
向前指,
狗牌,
眼罩,
彩绘玻璃,
烤箱手套,
悬挂,
辐射符号,
火箭,
精液池,
松开内裤,
拿着御币,
打脸,
脸上,
粉色颈圈,
臂甲,
安慰,
全副武装,
褶边连体衣,
矩形眼镜,
红色内裤,
耳塞,
耳机,
老虎,
分离呆毛,
炸弹,
爆炸物,
军用车辆,
尖鼻子,
坦克,
虎耳,
暗示自慰,
拉米亚,
鳞片,
水母,
羽衣,
衣架,
背背,
腰部蝴蝶结,
拿着珠宝,
拿着项链,
橙色边框,
宽肩膀,
嘴里含避孕套,
红色腿衣,
惣流·明日香·兰格雷_(cosplay),
蓝色发圈,
砖地板,
中心褶边,
束带,
侧倾,
机械光环,
鞍马,
贪吃鬼,
花瓶,
睡帽,
玩家2,
画框内艺术程序,
浅水,
牛头怪,
光束步枪,
能量枪,
拟人化,
坏手,
铲子,
绿色_头巾,
未佩戴_背包,
手部_焦点,
握手,
石墙,
角色_年龄,
湿泳衣,
武器_背后,
黄色_裙子,
尿渍,
胡萝卜,
瓜,
草莓_发饰,
番茄,
非传统_兔女郎,
浣熊_耳朵,
裆部_护甲,
融合,
字母_发饰,
积雨云,
傍晚,
伤心脸,
阴茎_触手,
发簪,
手榴弹,
双手_膝上,
绿色_一件式_泳衣,
合作_乳交,
乳交,
棕框_眼镜,
灰色_吊带背心,
polo衫,
偶像,
在_电脑_前,
回避_视线,
杂货,
拿着_西瓜,
伸直_腿,
过膝袜_拉起,
弹_钢琴,
乐谱,
溶解_衣服,
竖条纹_内裤,
衣服下_比基尼,
格子连衣裙,
机动战士,
演职员表,
镶框,
相互高潮,
橙色鞋履,
拿着鱼,
非人形机器人,
机器人动物,
腰带袋,
高领连衣裙,
速度线,
望远镜,
华丽服装,
败北,
衬衫解扣,
失去意识,
有领披风,
混合语言文本,
树桩,
强奸后,
紫色指甲,
肛门体液,
战斗步枪,
鸡尾酒,
侧向,
房屋,
门廊,
黑色伞,
肩扛伞,
作画失误,
熊,
熊服装,
髋骨,
迷彩,
显像管,
第二次世界大战,
绿色翅膀,
耳洞,
红色短裤,
抓自己的脚,
乳房爆裂,
胸带,
碍事乳房,
不对称眼睛,
吊坠怀表,
白领子,
一次性杯,
食物包装,
美国,
脸贴脸,
头挨头,
红色包,
彩色,
无线稿,
鳄鱼类,
印花连衣裙,
样本水印,
着衣自慰,
手伸进自己内裤,
肛门尾巴,
臀塞,
假尾巴,
额头宝石,
拿着斧头,
蜂巢（图案）,
蜂巢背景,
红色尾巴,
在树上,
坐在树上,
棍子,
教堂,
笔记本,
黄玫瑰,
木栅栏,
着衣机器人,
踝部吊袜带,
手指触脸颊,
医院,
医院病床,
带骨肉,
无袜,
蝴蝶翅膀,
昆虫翅膀,
水悠悠球,
:t,
柿子,
腹部隆起,
转身后视,
表情表,
红袜子,
瘀青,
弹药,
风铃,
玫瑰花瓣,
白色新娘护手套,
狼耳,
棕色阿斯科特领,
毛边外套,
振袖,
铆钉腰带,
巫师帽,
跨坐乳交,
棕色缎带,
乳房上的巧克力,
刀刃,
内翻波波头,
罗纹衬衫,
罗纹毛衣,
浅色乳晕,
帽檐,
甩头发,
查克拉姆,
机器人关节,
浣熊女孩,
浣熊尾巴,
狸猫,
猫帽,
猫咪印花,
蓝色马甲,
黑色头带,
云朵印花,
缎带装饰领口,
公交车站,
拿着罐子,
官方替代发型,
巨型蝴蝶结,
狮子男孩,
公交车内部,
购物车,
调整体操短裤,
带扬,
快餐,
火焰翅膀,
条纹头发,
粉色指甲,
乳液,
防晒霜,
蝴蝶耳环,
巧克力棒,
融化,
嘴里含冰棍,
a_(短语),
漫画封面,
莫里甘·安斯兰德_(cosplay),
校徽,
白色夹克,
脏污,
丛林,
1other,
抓窗帘,
海岸,
湖,
棕色领带,
枪套,
护膝,
大腿枪套,
备用胸部尺寸,
深肤色,
水蓝鞋履,
覆盖锁骨,
橙色连体衣,
紫色紧身衣,
前系比基尼上衣,
山丘,
多彩条纹,
O环比基尼,
O环上衣,
木桌,
隔衣自慰,
护肘,
多重跨界,
咬耳朵,
衣内勃起,
扭转躯干,
下臀,
狼,
蓝色外套,
警帽,
绳扣,
网球,
网球服,
双语,
锥形角,
小角,
条纹角,
虎纹,
黄色角,
灰色裤袜,
美国旗比基尼,
美国旗图案,
血丝眼睛,
厨师帽,
嚼口香糖,
旗帜图案,
印花比基尼,
吹泡泡,
牛仔靴,
汗带,
棒球服,
绿色短裤,
蓝色袴,
明治女学生制服,
肩带,
水蓝蝴蝶结,
水蓝领带,
紫色宝石,
发光眼睛,
吞精,
吞咽,
王座,
消音器,
被抓住,
多枚发夹,
贝壳项链,
耸肩,
鬓角胡茬,
胡茬,
毛边靴子,
毛边手套,
毛边衬衫,
绿色嘴唇,
蓝色紧身衣,
牵牛花图案,
波点衬衫,
拿着纸张,
悬雍垂,
调整内裤,
大腿间腿部,
如厕,
坐立不安,
拿着花盆,
平面着色,
多重单色,
美甲,
绿色手袋,
折射,
撕裂翅膀,
眼镜挂脖,
麻将,
衣服上绷带,
帮别人穿衣服,
翻领,
松散领带,
缺口翻领,
敞开领口,
蓝色毛衣,
猫男孩,
黄色毛衣,
兄弟,
包扎的手,
遮住单眼,
脸上贴创可贴,
深V领,
evangelion_(机甲),
好结局,
不对称腿衣,
时尚,
不匹配腿衣,
竖条纹过膝袜,
父子,
螺旋桨,
鱼缸,
三角内裤,
棕色袋子,
棕色外套,
水桶帽,
绿色裤子,
长围巾,
顶髻,
运动夹克,
内衣,
白色头带,
卧室,
三格漫画,
深色阴茎,
棕色内裤,
胸部搁在桌上,
衣服渗乳,
褶边项圈,
:c,
灰色指甲,
只穿比基尼上衣,
膝盖分开脚并拢,
酸橙_(水果),
热带饮料,
黄色连体泳衣,
女性视角,
帮别人梳头发,
梳头发,
咬痕,
女孩三明治,
三明治状态,
潜水服,
潜水衣,
紫色腿衣,
紫色伞,
码头,
深色阴唇,
长阴唇,
拇指向下,
黄色水手领,
裸露胸肌,
中指,
胸肌,
健壮男性,
皮裤,
大太刀,
盖博尔克_(fate),
早晨,
荷叶,
胸缠布,
粉色领巾,
倚靠物体,
x,
手臂带,
腿带,
狼牙棒,
紫色发带,
手进衣服,
辣椒,
交叉创可贴,
逃跑,
反戴帽子,
直排轮滑鞋,
皮夹克,
滚轮溜冰鞋,
溜冰鞋,
打掛,
綿帽子,
从眼镜上方看,
舞台灯光,
纸袋,
土豆,
牛犊式,
绿色头饰,
p90,
士兵,
下巴带,
溢出,
点嘴,
袖蝴蝶结,
绘马,
花卉和服,
绿色连体衣,
颜色指南,
不透明眼镜,
头靠枕头,
冰翼,
章鱼,
铁球脚镣,
棕色角,
褶边伞,
公主抱,
领带夹在乳房间,
耳朵穿过头饰,
狐,
九尾狐,
火焰剑,
火焰武器,
蓝色瞳孔,
腿部束缚,
精液便器,
面向前方,
M字腿,
公用,
厕所,
不良,
鼻环,
飞机头,
脸色苍白,
错字,
拿着袋子,
红色短披风,
圣诞装,
白色腰带,
拳击手套,
手持摄像机,
摄像机,
绿色宝石,
寡妇峰,
情人节快乐,
能量,
异种族,
闪电,
护栏,
黑色袋子,
松散领结,
在长椅上,
鼻子,
拿着箭,
脸部疤痕,
凤凰,
粉色蝴蝶,
连体衣,
零重力,
迷彩衬衫,
招财猫,
多彩花朵,
棕色蝴蝶结,
笔记本,
舔乳头,
姐萝莉,
性别转换_(女转男),
腿锁,
拿着棍棒,
激光瞄准器,
刺杀,
短上衣悬垂,
美洲原住民,
辫基丸子头,
裸体主义,
游泳,
晾衣绳,
天使与恶魔,
黑白对决,
捂嘴,
红色和服,
手臂搁桌上,
粉笔,
花田,
簪子,
捏花簪,
灰色水手服,
橙色尾巴,
裸下毛衣,
粉框眼镜,
脚踝镣铐,
商店,
蓝色裤袜,
毕业证书,
春天_(季节),
新娘面纱,
面纱,
编辫子,
投掷,
白色头饰,
毛绒猫,
倒计时,
变身,
角色印花,
散开头发,
漂浮,
泳道线,
皮卡车,
卡车,
备用轮胎,
自行车篮,
黄昏,
体育器材室,
手电筒,
音乐杖_(音乐),
猴耳,
猴尾,
无袖_连帽衫,
橙片,
诱惑微笑,
特摄,
琴与萝,
橙色_和服,
手臂_过头顶,
乌鸦,
后焦,
脸上饭粒,
后缝_腿袜,
蝴蝶结_腿袜,
手套_蝴蝶结,
褶边_连体泳装,
敞开_和服,
口交后,
手上_精液,
蕾丝边_项圈,
撬棍,
持撬棍,
短裤下_裤袜,
肩带_拉扯,
公园,
大腿绑带_振动棒,
购物,
鱼骨,
身份证,
标题,
不对称_腿袜,
手杖,
长胡须,
男性泳装,
露腹_缠腰,
缺牙,
红色_发圈,
泳裤,
泳短裤,
棕色_短披风,
白色_男性内裤,
钻卷_侧马尾,
魔晶石,
白色_背心,
替身_(jojo),
时间停止,
阿梅斯特利斯_军服,
揉头发,
裤子_褪到一腿,
绿色_围巾,
拿着_手机,
看着_手机,
格子_围巾,
打电话,
双色_手套,
白色_包,
拿着_玩具,
棕色_连帽衫,
三花猫,
帆布_(物体),
儿童_绘画,
蜡笔,
画架,
隐形人,
长袍,
香,
绿色_天空,
破处,
浓密_胡须,
蓬松_分离_袖子,
蛇_头发,
意外_暴露,
心形_内裤,
心形_印花,
过小_衣服,
方形_领口,
篮球_(物体),
篮球_制服,
咖啡_壶,
包扎_胸部,
反陷阱,
遮住_屁股,
黑暗_气息,
阴郁_(表情),
阴茎_象征,
墓地,
蕾丝_镶边_过膝袜,
中世纪,
罩袍,
杂货_袋子,
洗衣物,
壶,
拿着_泳圈,
胸垫,
砸_西瓜,
萝莉_支配,
巴_(符号),
纸巾,
画作_(物体),
桶木屐,
线香花火,
手持烟花,
巾着袋,
赛博格,
乳头穿环,
乳头环,
蓝色蝴蝶,
拿着毛巾,
食物_(送达中),
USB,
仅头部,
损坏,
单角,
部落,
亲吻阴茎,
房间,
携带_(乳房搁置),
乳头打码,
虚假遮挡,
格子,
麻将牌,
棕色衬衫,
贫乳抓握,
渐变,
帽子盖住一只眼,
黄色头饰,
红色腰带,
沙堡,
沙雕像,
尾巴蝴蝶结,
方端领带,
巨人,
女巨人,
水色手套,
水色连体衣,
水色大腿袜,
黄色手套,
黄色连体衣,
调整鞋履,
宠物,
车轮,
菊花,
酒盅_(杯),
肘部携带,
双角帽,
低位翅膀,
方糖,
实心圆眼,
蓝色腰带,
怒视,
背后镂空,
立方体发饰,
彩色比基尼,
黄色夹克,
心形纹身,
Y2K时尚,
身份审查,
菜刀,
粉色运动胸罩,
嘴上痣,
X光,
葡萄酒,
破坏,
链甲,
金色盔甲,
大型插入,
黑色吊袜带,
雪兔,
山茶花,
铃兰,
棕色毛皮,
洞穴,
马男孩,
鬃毛,
撅嘴,
喷饭,
吐口水,
腿部纹身,
海盗帽,
西方漫画风格,
横跨眼睛的疤痕,
肩扛,
沙漠之鹰,
拿着冰淇淋蛋筒,
软冰淇淋,
棕色水手领,
手放在桌上,
双色头饰,
棕色领结,
钮扣袖口,
彩色裙子,
格子领结,
红色吊带背心,
雨衣,
橡胶靴,
黄色雨衣,
牛仔,
握拳庆祝,
心形背景,
紫色毛衣,
动物阴茎,
横截面,
狗阴茎,
打结阴茎,
拿着控制器,
拿着游戏控制器,
羽织,
阴部创可贴,
额带,
水法被,
扭额带,
瓦尔特,
枝叶,
雕像,
雏菊,
肚脐镂空,
三马尾,
棕色翅膀,
约束衣,
衣服绕腰,
夹克绕腰,
衬衫绕腰,
挤压,
捐款箱,
玉米,
脸颊创可贴,
透过媒介,
透过屏幕,
草甸,
在另一人身后,
双色衬衫,
听诊器,
渐变天空,
层层衣服,
白色天空,
摔跤,
裁剪头部,
欺凌,
粉色边框,
毛笔,
拿着毛笔,
短册,
白色和服,
抓颈饰,
锻炼,
沉重,
举人,
机甲裸露,
灰框眼镜,
符卡,
水蓝领结,
一缕空气,
夹尾巴,
红翅膀,
黄翅膀,
悬崖,
东方式龙,
血条,
精灵,
宝珠,
蝴蝶结发带,
卡通风格,
摩擦,
竹笋,
龙纹,
流苏耳环,
大腿丝带,
黑袍,
路标,
足尖点地,
巨大阴茎,
交叉系带腿衣,
单根后颈发,
传统服装,
粉色开衫,
未穿鞋子,
拐杖,
紧身泳衣,
弹匣（武器）,
垂直前握把,
物体焦点,
厚嘴唇,
印花纱笼,
学习中,
校帽,
阴茎在内裤里,
磁铁,
西瓜棒,
动物包,
兔子装,
尾巴遮挡,
向日葵田,
天马,
棕色和服,
木墙,
遮阳帽,
灰色天空,
游戏男孩,
游戏男孩（原版）,
咬自己的嘴唇,
头发在自己嘴里,
射精后,
乳胶腿服,
爪子姿势,
头上套袋子,
黑色发圈,
带梁的十六分音符,
幸福的眼泪,
橙色手套,
直升机,
兔子帽子,
半闭眼睛,
缺失眼睛,
红色连体泳衣,
双色泳衣,
潜水面罩,
衣服在地上,
模糊性别,
无裆,
墨水,
蕾丝镶边裙子,
蕾丝镶边袖子,
橡皮鸭,
水蓝色裙子,
棒球头盔,
拿着棒球棒,
白色阿斯科特领巾,
战斗机,
模型套件,
音乐会,
解开,
水蓝色领巾,
颜料,
军便帽,
纳粹,
战争,
鼻子上的疤痕,
手放在自己下巴上,
红色头带,
拿着冰棍,
咖啡馆,
柜台,
衣服上的御符,
墨水瓶,
黑色阿斯科特领巾,
3:,
脸部彩绘,
卷心菜,
花纹身,
拷问,
恐怖_(主题),
衣服,
绑带高跟鞋,
顶起的衬衫,
撕衣服,
拿着试管,
网球,
试管,
手放在自己的腿上,
袖子缎带,
透视连体泳装,
从外面,
看向外面,
嘴里含百奇,
;q,
肥皂,
鞭剑,
紫色围裙,
六角形,
脱下的夹克,
多色和服,
有图案,
信件,
收音机,
教程,
急救箱,
紫色连体泳装,
拉短裤,
松开,
樱桃图案,
半水下视角,
粉色描边,
兔子发饰,
头上食物,
黄色围裙,
断链,
花蕾,
心形项链,
绿色玫瑰,
有图案的衣服,
钉子_(五金),
钉子棒球棍,
螃蟹,
棕色连指手套,
紫色袜子,
葫芦,
内嵌边框,
橙色领巾,
橙色_水手领,
胡茬,
稀疏胡茬,
神社,
竖条纹连衣裙,
钞票,
镐,
蓝色腰带,
衣服下的紧身衣,
毛边鞋履,
胶状物,
薯片,
零食,
靠在栏杆上,
可丽饼,
现实世界地点,
布料,
圆角,
飘浮的衣服,
粉色包,
短袖套长袖,
未塞衬衫,
拉链拉头,
黄色披肩,
河童,
桌子下,
鲨鱼,
阴蒂穿环,
拉扯乳头,
阴部穿环,
纸张,
无袖和服,
告白,
腿部折叠,
肛内射精,
城堡,
条纹领带,
轻皱眉,
鼓起脸颊,
黄金,
烧烤,
玩耍,
按压脸颊,
睡眠猥亵,
蓝色衣领,
蕾丝镶边领子,
手搭肩膀,
荡秋千,
触觉铺装,
胸罩肩带,
甜美洛丽塔,
扶她受,
芭蕾舞者,
芭蕾舞,
芭蕾舞鞋,
乳胶手套,
肚兜,
行李袋,
灰色连体泳衣,
头顶碰撞,
舔胸部,
四分音符,
锡杖,
沙锤,
尾巴穿过衣服,
dvd封面,
文字背景,
无面女性,
拿着缎带,
射在男性身上,
野餐,
麻雀,
异种族,
试衣间,
家庭主妇,
蓝色纱笼,
臀部镂空,
板甲,
红色披风,
慌乱,
连帽毛衣,
拿着拖把,
耳罩,
强制高潮,
体操短裤下内裤,
白色羽毛,
庆祝公告,
棕色头饰,
堕落,
黑暗人格,
誓约胜利之剑摩根_(fate),
棕色领巾,
场景引用,
眯眼,
背着武器,
拉姆内,
猫太多,
澡堂,
吹风机,
黄色描边,
向日葵_发饰,
眼睛_焦点,
后宫服,
阴部_纹身,
侧边_镂空,
粉色_伞,
透明_伞,
滑板车,
条形码,
灰色_毛皮,
条纹_毛皮,
被埋,
喷泉,
手_放在_他人_腿上,
牛奶_瓶,
空中,
战士,
撕破_连衣裙,
挑逗,
手_放在_眼镜上,
可爱_&_少女_(偶像大师),
粉色_小披肩,
舞台,
海滩_毛巾,
白色_项圈,
肘部_放在_桌上,
猕猴桃_(水果),
鲜奶油,
博丽灵梦_(cosplay),
电,
蝴蝶结_发型,
棕色_尾巴,
O环_底裤,
浅之叶_(图案),
心形_马赛克,
网点,
无袖_紧身衣,
新郎,
婚礼,
乐器_箱,
赛博朋克,
桌子_磨蹭,
运动裤,
渐变_眼睛,
余晖,
调整_领带,
外国人_4格漫画_(迷因),
锁,
挂锁,
粉色_宝石,
头发血迹,
白旗,
冒烟枪管,
手指枪,
连体衣拨开,
子宫颈,
裂缝,
工业管道,
圆形标志,
黑色角,
黑色背心,
抱着别人的腿,
扇脸,
汗湿衣服,
极度出汗,
拧衣服,
说话角色,
食物特写,
龙娘,
龙尾,
龙翼,
粉色尾巴,
脚踝蝴蝶结,
脚踝缎带,
推进器,
手上动物,
蝴蝶发饰,
石膏,
隆基努斯之枪_(eva),
白板,
手指间刀子,
喷气机,
信封,
圣诞靴,
猛扑,
肩挂枪套,
小型八卦炉,
兜巾帽,
棕色水手服,
咬自己的手指,
腿衣上精液,
数码兽_(生物),
无痣,
水蓝上衣,
黄色伞,
微型连衣裙,
蝴蝶结比基尼,
黑色巩膜,
泡泡裙,
彩色巩膜,
棉花糖,
拿着棉花糖,
夏日祭典,
画框,
泵动式,
拿着冰激凌,
疯狂,
蓝色泳圈,
兽人,
光标,
窗口_(计算机),
烧瓶,
药水,
圆底烧瓶,
公牛,
毛皮角色与非毛皮角色,
糖果手杖,
蜂蜜,
畸形,
手放在腿上,
高叉泳装,
在水中,
交叉领带,
灰色手套,
血袋,
飞艇,
陆行鸟,
蒸汽朋克,
维埃拉,
果汁,
黑色领巾,
比基尼上衣掀起,
肩部镂空,
刀上有血,
血迹,
脚印,
雪球,
身体冒蒸汽,
拉开拉链,
墓碑,
乌龟,
2006,
动物兜帽,
猫咪兜帽,
未穿的凉鞋,
手伸进别人的头发,
派对爆竹,
牙签,
假笑,
揉眼睛,
星之杖,
心在口中,
老虎装,
卷尺,
珠串手链,
隐藏面部,
双色发带,
脚部特写,
黑色毛衣背心,
欧洲建筑,
条纹丝带,
双色丝带,
西方龙,
额头相触,
裸围巾,
手臂绑带,
盘发,
扩张胶带,
弯腰驼背,
对话框,
武器特写,
黑色盔甲,
爪状护手,
抹胸连衣裙,
格子领带,
喷射精液,
被阴茎包围,
黑色披风,
手遮脸,
三巴纹_(形状),
武士,
股间抓握,
耳罩,
模拟口交,
排水装置,
单肘手套,
巨乳,
橙色围裙,
未穿比基尼上衣,
遮住一乳,
有线电话,
大腿环,
钻头马尾,
猫袋,
蹲式女上位,
黄色腿衣,
精灵球,
普通精灵球,
牙膏,
羽子板,
羽根突き,
拍子,
抱着婴儿,
斩首,
断头,
自杀,
商品,
迎面亲吻,
冰棍棍,
毛边斗篷,
大型翅膀,
珍珠（宝石）,
女同三人行,
鸟停在头上,
蘸墨笔（物体）,
船,
手放在自己的耳朵上,
能量武器,
乳间带子,
黄色头带,
挎包,
拿着胸罩,
猫又,
双尾,
吸尘器,
星座,
紫色瞳孔,
壶（瓶子）,
透视面纱,
沃森十字,
平顶帽,
超级蘑菇,
鼻内射精,
便利店,
红色袖子,
融合,
桌布,
黄色袖子,
深喉灌精,
鞭痕,
引导抓乳,
引导手,
绿色腰带,
拿着洒水壶,
肩饰带,
灰色蝴蝶结,
心形枕头,
抱着人偶,
印花蝴蝶结,
双色蝴蝶结,
竖条纹裙,
腰带胸罩,
阴蒂包皮,
吉布森雷保罗,
主题物体,
锤子和镰刀,
苏联,
看着动物,
膝盖,
邮箱_(待收邮件),
人体模型,
鹿角,
毛边头饰,
钉刺手链,
鹅卵石,
装甲靴,
侧开衩短裤,
多色紧身衣,
隼,
日本铠甲,
笼手,
黑笼手,
半纏_(衣服),
白色尾巴,
橙色发带,
不对称侧发,
大剑,
紫色围巾,
黄色帽子,
心形手势_双人,
花园,
透明剪影,
短领带,
拿着铅笔,
比基尼铠甲,
蓝色铠甲,
胸铠,
低辫长发,
女武神,
带翼头盔,
橙色连衣裙,
橙色袖子,
浣熊,
裸体短披风,
触摸,
从右到左漫画,
圣杯,
蓝色短披风,
蓝色颈圈,
蝴蝶结颈圈,
心形呆毛,
恶魔角,
抚摸下巴,
侦探,
放大镜,
哨子,
心形项圈,
蓝色吊带背心,
拿着平底锅,
仅肛交,
肘撑膝盖,
地面血迹,
尸体,
水手,
松鼠,
肩胛骨,
蹄子,
仅穿鞋子,
泳装裙,
线,
十字耳环,
坏腿,
黑色吊带泳装,
系列内跨界,
绿色紧身衣,
牙齿叼着,
灰色背心,
3d背景,
多色紧身衣,
短刘海,
红色瞳孔,
小鸡,
公鸡,
棕色项圈,
吞食,
不常见刺激,
灰色紧身衣,
高领紧身衣,
双色紧身衣,
过膝袜,
黑色腰带,
冲浪板,
冲浪,
黄色开衫,
兜帽拉起,
艾尔凡,
黑色紧身胸衣,
无乳头衣服,
军用夹克,
露背连衣裙,
格洛克,
钩子,
古董火器,
电插头,
机械尾巴,
罗纹袜,
张开双手,
颜色痕迹,
派对,
医务室,
紫色领巾,
紫色领子,
沙漠,
艾莉亚公司制服,
夜视装置,
食品包装,
牛奶盒,
野猪,
鹿,
护胫,
多彩蝴蝶结,
枪带,
铁十字,
红色镶边,
瓦砾,
肩章,
车辆名称,
俄罗斯,
炮塔,
吊带比基尼上衣,
舵鞋,
烟囱,
机械腿,
机械翅膀,
条纹手套,
虎尾巴,
独角兽,
拿着槌,
旭日旗,
双脚架,
MG42,
三角帽,
日本自卫队,
鱼雷,
灰色比基尼,
即将到来的礼物,
肠子,
紧贴,
挥动手臂,
单裸肩,
眨眼_(动态),
遮阳篷,
渐隐,
潜水面罩_戴在头上,
呼吸管,
碾压,
不同阴影,
薙刀_(长柄武器),
松开的颈带,
鱼形发饰,
木制长椅,
模糊前景,
垃圾桶,
用过的纸巾,
贝比杜尔,
拿着打蛋器,
哥布林,
トロ脸,
灰色帽子,
葡萄,
吐息武器,
喷火,
恐龙,
肩部红晕,
黄色腰带,
鞠躬,
拿着烟花,
手放在他人的臀部上,
黑色指甲,
护目镜_戴在头饰上,
和平标志,
单只无指手套,
蓝色翅膀,
多只耳环,
乳胶连体衣,
粉色头带,
粉色连体衣,
星星项圈,
灰色胸罩,
黎明,
帽子戴在背后,
后梳头发,
外裙,
交叉吊带,
肥厚阴阜,
薯片袋,
三叶草发饰,
四叶草发饰,
大锅,
吻手,
铁球链_(武器),
攀爬,
权杖,
第三只眼,
印花泳装,
斑马印花,
警棍_(武器),
只穿比基尼底裤,
健身短裤,
跑道,
彩带,
 caramel苹果,
时间悖论,
男孩在上方,
水蓝色比基尼,
朝日啤酒,
啤酒罐,
粉色项圈,
;3,
半截手套,
鹦鹉,
越南长袍,
斗笠,
注连绳,
赛车女郎,
女装,
吹吻,
巨魔脸,
抱着枕头,
全身纹身,
肩上动物,
肩上鸟类,
抱着玩偶,
旗帜,
打喷嚏,
拿着避孕套,
抱枕_(中型),
格子背心,
白色伞,
拿着自己的尾巴,
绿色颈圈,
交缠尾巴,
办公室,
粉色背心,
柠檬片,
苏打水,
手帕,
耐克_(公司),
拿着性玩具,
拔剑,
手放在耳机上,
汉服,
毕业,
机械手臂,
义肢,
单机械臂,
黑色管状上衣,
拿着扳手,
小丑帽,
击打,
拿着打火机,
花朵耳环,
夹板,
拿着夹板,
紫色外套,
拿着镰刀,
斜条纹衣服,
厌恶表情,
粉色裤袜,
紫色马甲,
对话食物,
水蓝宝石,
下半身,
棒球手套,
珍珠手链,
粗口,
柴犬,
交通指挥棒,
连帽斗篷,
水蓝胸罩,
低领口,
阴茎上唾液,
手臂创可贴,
用尾巴拿着,
灵巧尾巴,
棕色短裤,
手摸头,
胸罩外露,
心形腰带,
粉色腰带,
挂轴,
鸟尾,
鸡年,
火箭发射器,
心形镂空,
无趾鞋,
额护,
木叶符号,
食物艺术,
颜色连接,
粉色_皮肤,
赛亚人_盔甲,
示意图,
绿色_背心,
刺剑,
拿着_烟斗,
剑_扛肩上,
手放_别人_大腿上,
眼线,
红色_眼线,
白色_角,
招手,
双足飞龙,
裸体_绷带,
吸盘,
松树,
天狗_木屐,
领针,
野餐_篮,
拿着_宝石,
文字墙,
手指_触脸,
手指上_精液,
白色_水手服,
坐在_王座上,
灰色_尾巴,
画师_签名,
露背_上衣,
棕色_比基尼,
小麦,
莲花,
拿着_百奇,
原型_设计,
人工_阴道,
拉起_内裤,
单滴_眼泪,
蓝色_玫瑰,
拿着_树枝,
小径,
紫藤,
绿色_睡衣,
白色_睡衣,
俯卧_后入,
枪口_对头,
拿着_彩蓬,
坚定,
抓_腹部,
在意_体重,
双筒_望远镜,
拿着_双筒望远镜,
乳夹,
临时口塞,
胶带口塞,
鳗鱼,
渔网袜,
双手背后固定,
灰色披风,
颈部荷叶边,
机车,
过度生长,
梨,
黑色颈饰,
擦拭,
压迫位,
撕裂泳装,
勃起阴蒂,
圆顶,
浮空岛,
腿部血迹,
撕裂,
履带,
徽章,
军礼服,
坦克上,
缝线,
手放在他人腹部,
糖浆,
咖啡杯,
臀对臀,
双头龙,
共享物体插入,
牛装,
黄色光环,
史莱姆娘,
破碎窗户,
黄色围巾,
手上食物,
彩色影子,
礼物盒,
1980年代风格,
刺绣,
带耳朵帽子,
爪足浴缸,
拿着铲子,
胶片,
强奸脸,
香槟酒瓶,
分屏,
是,
尿道插入,
马甲上提,
中文文本,
竖条纹衬衫,
水滴,
撕破自行车短裤,
撕破短裤,
裙下短裤,
口罩戴头上,
未戴发带,
眼镜放在头饰上,
紫框眼镜,
番茄酱瓶,
白色头巾,
山羊,
水平瞳孔,
蓝色袖子,
紫色领结,
<|>_<|>,
手放在自己胸部上,
营火,
湿裙子,
衣服里射精,
鸟耳,
鸟女孩,
鸟翼,
刘海向后夹,
头发上提,
内部满载,
浅蓝丝带,
粉色吊带背心,
脖子缠绷带,
黄色天空,
书法,
露肩裁剪,
衣夹,
食物咬痕,
心形盒子,
睡莲花,
新艺术风格,
手放在自己臀部上,
紫色夹克,
手在头发里,
学士帽,
双色翅膀,
黑色斗篷,
地牢,
黑色紧身胸衣,
橙色腰带,
耳机摘下,
紧身裤,
侧系_连体衣,
头部_缠绷带,
手持_十字架,
粉色_围巾,
波洛_领带,
橡子,
地面_车辆,
胸部_血迹,
彩色_乳头,
展开_翅膀,
腹部_镂空,
星座_图案,
羽团扇,
护符,
罐装_咖啡,
露出_獠牙,
安全帽,
法式薯条,
紫色_包,
灰色_包,
啤酒_杯,
烧焦,
无侧_服装,
僵尸,
蓝色_头带,
立领,
巧克力_盒,
家庭,
摩托车_头盔,
体育场,
丁字裤,
透明_内裤,
弓_(音乐),
手持_弓_(音乐),
所有人,
白色_长袍,
悔恨_之棒,
手持_棍子,
和服_洛丽塔,
皮革_靴子,
剁刀,
黄瓜,
秋千,
动物耳_头饰,
红色_铠甲,
漂浮_耳环,
金色_项链,
美工刀,
悬浮,
细条纹_图案,
花覆眼睛,
拿着手杖,
污渍,
污渍床单,
溜溜球,
Twitter用户名,
灰色皮肤,
贝壳比基尼,
短裤上提,
动物项圈,
白色蝴蝶,
脱离身体的头,
石阶,
透视纱笼,
手放在大腿上,
马阴茎,
抓住脚踝,
三穴插入,
冷藏箱,
橙色裤子,
报纸,
拱门,
鬼角,
阴部特写,
抚摸,
手,
动物头盔,
镣铐,
强颜欢笑,
说话,
水手战士制服,
多色翅膀,
彩虹顺序,
樱花印花,
青海波,
拿着水管,
格子连衣裙,
果馅饼,
黑色臂章,
白色狗,
拿着照片,
风力涡轮机,
裂开的地板,
强壮,
沙漏,
腿举过头顶,
裸体外套,
北高学校服,
空白对话框,
标题戏仿,
拿着速写本,
速写本,
阿迪达斯,
甲虫,
尾巴包裹,
蓝色嘴唇,
奶嘴,
蓝色套装,
未戴头盔,
瓦里亚套装,
拿着泳装,
女式军便帽,
屈膝礼,
无巩膜,
骑滑板车,
飞行员帽,
战术背心,
手臂举过头顶,
宽马尾辫,
乳房痣,
抱着生物,
枡,
黄色无袖上衣,
手指触碰自己下巴,
胡萝卜项链,
鲨鱼玩偶,
巧克力蛋糕,
冰淇淋汽水,
冰块,
煎饼,
糕点,
馅饼,
桌子对面视角,
满嘴,
蜜蜂女孩,
毛边连体紧身衣,
紫色翅膀,
清代官帽,
灰色发带,
格子短裤,
平角内裤,
精液透过衣服,
膨胀,
腋毛,
哈伦裤,
三角旗,
四肢截肢,
幽灵尾巴,
命运红线,
充气玩具,
褶边腕套,
大头发,
小穴汁液痕迹,
宝箱胸部,
浮雕饰品,
数字纹身,
无肩带连体泳衣,
煎蛋卷,
蛋包饭,
衍射光刺,
拿着冲浪板,
脚踝带,
发珠,
日历（物体）,
尺子,
腿部绑带,
西瓜片,
烤箱,
军队,
拉门,
脸朝下,
橙色皮肤,
乳房纹身,
机械装置,
阳台,
拿着报纸,
垂直条纹比基尼,
疲惫,
丝带装饰腿饰,
书签,
领带夹,
充气筏,
肚脐痣,
破损手套,
灰色围巾,
皮肤尖牙,
捂住别人的嘴,
灰尘,
勾玉,
足球制服,
码头,
灯塔,
鸟笼,
笼子,
渐变服装,
渐变连衣裙,
菱形瞳孔,
飞出的纽扣,
崩开的纽扣,
赛车围脖,
田径,
包茎,
渔网上衣,
吊坠项圈,
少女鬼斗中,
羊角,
抓住他人的头发,
企鹅装,
羽毛发饰,
迎面攻击,
迎面拳击,
白眼,
拉脸颊,
掀和服,
栓动式,
毛瑟98,
拿着剪刀,
街机,
莫辛-纳甘特,
肌肉女,
爪垫,
染色刘海,
死神,
条纹短裤,
竖条纹短裤,
多单元列车,
珍珠项链,
李小龙连体服,
黄色紧身衣,
道服,
……？,
背带裙,
人行道,
绽放,
嘎哦,
冻结,
OK手势,
十六分音符,
多重腿部,
扶她与男,
交替腿衣,
男上扶她,
节肢动物男孩,
甲壳,
怪物男孩,
雌小鬼,
火花,
绿色描边,
无袖外套,
箭刺身体,
物体_穿过_头部,
圆木,
新月_耳环,
不对称_耳环,
橙色_外套,
颧骨,
牛,
调情,
由左至右_漫画,
老师_和_学生,
m4_卡宾枪,
反光_地板,
白色_背心,
furry_女性,
瞄准镜,
停止_标志,
美元_符号,
蛋黄,
价格_标签,
街机_柜,
锦鲤,
受孕,
内部_射精,
子宫,
不对称_手套,
蝴蝶_图案,
内裤_吊带,
长短不一_手套,
条纹_和服,
双手_撑_地板,
厚底靴,
韩服,
韩国_服装,
串珠_项链,
鸽子,
乳房_特写,
手_插_口袋,
脚_向上,
吧台_凳,
自己_梳头,
变身,
取景器,
手指_框,
闪亮_眼睛,
发髻,
蕾丝_镶边_头饰,
橙色_项圈,
水手_战士,
绿色_臂章,
紧张_出汗,
棕色披风,
迷你礼帽,
驯鹿服装,
雪橇,
深色乳头,
屏幕光,
手机挂饰,
听音乐,
水蓝色短裤,
风车,
非常黑皮肤,
杠铃穿刺,
乳头杠铃,
掌上PlayStation,
打开腰带,
蒙哥马利腺,
内裤线,
荒木飞吕彦_(风格),
毛皮项圈,
女装攻,
是非抱枕,
破坏者之剑,
帽子盖眼睛,
等轴测,
标志模仿,
拿着麻将牌,
球杆,
火焰操控,
丝带镶边连衣裙,
碎玻璃,
陵王校服,
渔网手套,
借来的衣服,
未穿短裤,
阴茎测量,
镰刀,
手托下巴,
双手捧起,
敞篷车,
手撑地板,
指着自己,
单发圈,
拿着葱,
阿伊努服饰,
白虎,
排球网,
裸和服,
抓枕头,
抱着尾巴,
假小子,
紧身连衣裙,
腹部精液,
面试,
蕾丝边发带,
黑色兜帽,
玩弄自己的头发,
鱼_(食物),
寿司,
隐秘性交,
烧杯,
说话脸红,
紧身衣,
猫尾巴,
心形尾巴,
身体交换,
个性交换,
手放大腿上,
蕾丝背景,
熊尾巴,
腿部精液,
格子裤,
发圈含口中,
花_(符号),
白色吊带泳衣,
元,
海滩椅,
汽水瓶,
拿着鞋子,
爪印图案,
霓虹镶边,
罗纹紧身衣,
分离翅膀,
挂锁项圈,
手撑地面,
橙色玫瑰,
吻额头,
风铃草,
条纹围巾,
绿色镜片眼镜,
拿着头盔,
睫毛膏,
黑色连帽衫,
蛋_(食物),
煎蛋,
金色阴毛,
交叉脚踝,
伸出手,
超现实,
拿着精灵球,
宝可梦_(生物),
拿着触控笔,
触控笔,
使魔,
狼尾,
袴裤,
袴短裙,
被俘虏,
乳沟口塞,
布口塞,
角头饰,
足崇拜,
舔脚,
搔痒,
搔脚心,
五芒星,
嘴里含茎,
洞,
自慰后,
单膝袜,
引导插入,
蓝色颈饰,
头盔,
乳枕,
毛衣抬起,
错脚,
雾雨魔理沙_(cosplay),
灯泡,
重新装填,
部分拉开拉链,
粉色背心,
楔形高跟鞋,
多重穿孔,
乐队_(音乐),
吊床,
拿着信件,
情书,
官方风格,
沮丧,
驯鹿,
泡泡背景,
电源插座,
侧面对视,
水手服上衣,
乳房意识,
豆豆帽,
衬衫在口中,
虐待,
内裤在吊袜带外,
褶边小斗篷,
空白凝视,
广告牌,
长柄武器_背后,
彩虹渐变,
嗑药,
毒品,
毛线,
多束绑头发,
绿色边框,
帽尖,
紫色袖子,
舔耳朵,
石头,
防护,
绿色小披肩,
绿色发带,
能量翅膀,
蛋壳,
踝带,
山羊胡胡茬,
自交,
豹耳,
豹娘,
豹尾,
手指放别人嘴中,
黑色围巾,
纸箱,
树篱,
传输塔,
余烬,
透明身体,
盒装艺术,
掌中,
滴血,
绿色遮阳镜,
动力装甲,
作品内地点,
叶子伞,
美少年,
宽松衣服,
棒球衫,
球衣,
钉鞋,
低多边形,
ZUN_(风格),
烟灰缸,
坐在动物上,
射线枪,
脚趾间,
尖乳,
双面披风,
史莱姆_(生物),
烟雾,
黄色边框,
珊瑚,
泡泡和斜切袖,
倒立,
骷髅耳环,
O环泳装,
刚库罗,
辣妹,
干草,
双色连体衣,
缎面,
宾迪,
船桨,
动物脚,
阿盖尔纹,
古董电话,
转盘电话,
拿着水枪,
黑色抹胸,
黄色裤子,
黑色描边,
手腕发圈,
传统妖怪,
白色护腿套,
双叉戟,
弹吉他,
荷叶,
泳装外披夹克,
脚趾环,
胶片颗粒,
宇航员,
三角形,
快乐万圣节,
缠绷带的手腕,
拖拽,
在桶里,
浆果,
脚抬起,
霓虹灯,
漂浮披风,
指着另一个,
梅花,
肚链,
手臂纹身,
绿色外套,
网络导航员,
客厅,
腰间披风,
棕色_毛衣背心,
浸没,
异类,
飞艇,
枷锁,
夏威夷衫,
对话汗滴,
拿着叶子,
拿着笔记本,
日出,
天狗,
头戴显示器,
倚靠桌子,
手臂炮,
断气,
箭袋,
收银机,
高腰裤,
蓝色睡衣,
后颈,
手臂在腿间,
弹带,
毛绒熊猫,
小猫,
翻白眼,
年龄比较,
粉色领巾,
未戴护目镜,
橙色披风,
飞行员服,
精神控制,
调整手套,
咬着手套,
手掌合十,
红色轮廓,
黑色毛皮,
身体毛皮,
紫色毛皮,
手上创可贴,
拿着别人的尾巴,
抓尾巴,
不悦,
都市,
威尔士柯基,
安全带,
棕色胸罩,
拿着画笔,
年龄增长,
跳绳,
蓝色火焰,
燃烧,
超级机器人,
软呢帽,
伪装,
1970年代_(风格),
圣诞树,
敞开连帽衫,
记号笔,
拿着夹克,
球形耳环,
义肢手臂,
机械化,
赏花,
蝙蝠耳朵,
误会,
白色情人节,
拉衣服,
链锁手腕,
长睫毛,
橙色胸罩,
高帮鞋,
碗型发型,
脏衣服,
钟楼,
草莓短蛋糕,
塔,
带扣靴子,
南瓜帽,
吊灯,
壁灯,
卡雷多斯提克,
发光头发,
损坏,
棕色边框,
池塘,
拿着衬衫,
摇滚手势,
划痕,
坐在桌上,
装饰品,
吸血鬼服装,
白色披风,
日产,
卖淫,
皮手套,
铆钉手套,
张开脚趾,
刺刀,
牙齿项链,
珍珠发饰,
自我拥抱,
兽耳穿孔,
战斧,
晚礼服,
扶她视角,
裆部视角,
观看,
零钱包,
武器包,
辣妹,
脸颊鼓起,
黄色毛皮,
飞蛾,
毛衣围腰,
多个武器,
炒锅,
夫妻,
大脑,
相合伞,
屏幕,
状态栏,
未佩戴手套,
开门,
玫瑰图案,
潜艇,
连帽外套,
看电视,
拿着糖果,
拿着棒棒糖,
帽铃,
羊娘,
棒球（物体）,
烛光,
兜盔（头盔）,
缎带镶边头饰,
色差,
暗示口交,
多条腰带,
魔法男孩,
无外套,
抓住他人耳朵,
手放在他人耳朵上,
扛在肩上,
传统领结,
酒吧（场所）,
眼睛反光,
悬挂植物,
尖锐脚趾甲,
勋章,
地球仪,
马鞍,
鸡尾酒礼服,
黑色西装,
着衣男性裸体男性,
无肩带衬衫,
符文,
连续,
阴茎环,
只是顶端,
拥抱,
被踩,
三胞胎,
拿着缰绳,
缰绳,
十字形瞳孔,
缝纫针,
水蓝指甲,
阿盖尔过膝袜,
爬行动物女孩,
毛皮大衣,
心形眼睛,
罗纹连衣裙,
未穿鞋履,
奖杯,
垃圾,
灰色边框,
垫子,
弹跳,
砧板,
意大利文字,
发刷,
水蓝发带,
黑暗,
网,
紧身衣露角,
骷髅图案,
粉色巩膜,
水晶翅膀,
白色指甲,
背乳,
拿着骑鞭,
缆绳尾巴,
蜜蜂,
极光,
针织帽,
洋葱,
射在自己身上,
化妆中,
上衣掀起,
吨法棍,
卡拉梅尔舞,
腿甲,
腿部护甲,
膝盖甲,
白色紧身胸衣,
白色吊袜带,
叶子印花,
枫叶印花,
绳腰带,
灰色头饰,
胸花,
毛线球,
天际线,
肘撑桌面,
紫色裤子,
瓢虫,
指南针,
教士袍,
威士忌,
闪粉,
游乐园,
摩天轮,
橱柜,
胸部疤痕,
绿色和服,
无眼镜,
手指微笑,
身体恐怖,
多头,
白色内衫,
皱纹皮肤,
异常反射,
印度服饰,
红色眼白,
菊纹,
手术刀,
屋顶上,
意面,
意大利面,
重复图像,
玉子烧,
背负剑,
南瓜发饰,
岛屿,
广场,
未穿裤子,
扇动,
洗衣篮,
牵牛花,
手臂裹布,
豪宅,
夹克拉扯,
涂鸦,
油漆罐,
衣服上有油漆,
油漆飞溅,
脸上油漆飞溅,
灰色巩膜,
豆子,
拿着茶壶,
珍珠耳环,
单侧发髻,
前系胸罩,
蓝色背心,
圆圈9,
洗发水瓶,
头靠胸前,
圣诞灯,
星星脸部标记,
华丽,
棒,
沙拉,
腹斜肌,
黑色运动胸罩,
堕落天使,
脚踝捆绑,
年龄倒退,
无袖夹克,
汤,
鸡尾酒杯,
星星项链,
肩上猫咪,
宫颈插入,
巨大假阳具,
朋克,
隐藏眼睛,
幼儿园制服,
多条辫子,
节分,
宽脸,
传统中文文字,
旗帜背景,
备用头饰,
??,
爪印背景,
火焰头发,
熊猫耳朵,
汗裤,
卫星天线,
手抓,
病号服,
皇冠辫,
衣服爆炸,
水蓝帽,
多色尾巴,
黑色阴毛,
黑色新娘护手,
睫毛不对称,
改良制服,
格子头饰,
风暴,
斯库拉,
触手（男性）,
绿色皮肤,
紫色皮肤,
绿色羽毛,
哈比,
连体紧身衣,
单翼,
折叠头发,
从双腿间窥视,
泰文,
怪物中心,
脊椎,
深度插入,
斗鸡眼,
鱼娘,
筒裙,
粉色臂暖,
能量球,
能量刃,
桑拿,
展示阴部,
舔肛,
穿刺,
精灵,
蕾丝手套,
胶带束缚,
翻折靴,
尖头鞋,
鳞甲,
光束,
鼻子创可贴,
O环项圈,
紫色腰带,
苔藓,
耳饰,
阿拉伯服装,
即将肛交,
绑发,
电操控,
灵能者,
常盘台中学制服,
黑色开衫,
敞开式开衫,
条纹毛衣,
奶牛纹过膝袜,
格子胸罩,
冬青,
不对称双持,
弹孔,
安卡十字,
黑色紧身裤,
挂绳,
东京_(城市),
分色头发,
抽泣,
高腰裤袜,
肩部纹身,
蕾丝边,
华丽边框,
槲寄生,
木乃伊,
不死生物,
用毯子覆盖,
三角力量,
圣诞比基尼,
纸杯帽,
手臂搭在他人肩上,
棺材,
黑色背带裤,
母女丼_(性),
展示臀部,
老妇人,
透视夹克,
即将口交,
尿布,
生物与拟人,
精灵球标志,
冬青发饰,
印花衬衫,
凿子,
矮人,
重新设计,
V形鳍,
碎片,
龟裂皮肤,
小丑,
粉色调眼镜,
车辆内部,
木叶忍者制服,
火枪,
礼服鞋,
拿着披萨,
披萨,
前后对比,
肛交后,
肛门微露,
脸颊痣,
眼间长发,
巫师,
黄外套,
泥,
星空印花,
牛印比基尼,
弹药包,
额外脸部,
水壶,
花环,
求婚,
紫色连帽衫,
路牌,
毛边比基尼,
黄包,
救生圈,
红兜帽,
小破校服,
蝙蝠发饰,
溶解,
驯鹿角,
盆景,
毛球毛帽,
药丸,
草莓蛋糕,
鹿耳,
假鹿角,
鸡腿,
便利贴,
鼠标垫_(物体),
派对帽,
酒瓶,
视角持牵引绳,
圣诞手套,
露背泳装,
蓝伞,
绷带血迹,
受虐,
nerv,
钱包,
全息图,
腰围_毛巾,
手腕_缠布,
溜冰鞋,
菊花_图案,
丰田,
木箱,
方向盘,
超级英雄_服装,
狐狸_皮影,
拿着_信封,
掰开_他人的_阴户,
医疗_眼罩,
缺失_肢体,
阴茎_遮住_一只眼,
拿着_巧克力,
微缩景观,
门松,
镜饼,
头上_人,
鲸鱼,
拿着_盾牌,
锅,
牡丹_图案,
毛皮_围巾,
狗年,
防弹_夹克,
蛇皮_图案,
渔网_袖子,
衣服_拉下,
黑色_嘴唇,
四股_辫子,
金字塔_(结构),
年贺状,
胯部_特写,
突击_单位,
拿着_桨,
苍蝇,
肩上,
汉字,
荆棘,
圆桌,
初诣,
红白_绳,
きね,
乳房_膨胀,
唇彩,
上班族,
风车,
表亲,
棕色_毛衣,
打桩机_(性),
毛边过膝袜,
连衣泳装,
熊发饰,
自我cosplay,
膝盖超出画面,
粗呢大衣,
深色背景,
拿着植物,
点线,
尘云,
玻璃瓶,
无线电天线,
墙纸_(物体),
暗示指交,
不可能紧身衣,
无肩带比基尼,
队长羽织,
口中含血,
荧光灯,
白色阴毛,
铆钉项圈,
公开振动器,
游乐场,
古典洛丽塔,
空白打码,
护腕,
秀肌肉,
残骸,
粉色眼影,
紫色嘴唇,
拉起口罩,
培根,
酱汁,
全长拉链,
全息显示器,
牛纹手套,
印花手套,
不对称手套,
阴蒂被遮挡,
决斗怪兽,
战列舰,
舰炮塔,
战舰,
双腿大张,
性爱指导,
飞翔纸张,
蓝色阴毛,
蛞蝓,
蜘蛛,
过多精液,
溺水,
军用作战服,
无肩带背心,
头上有宝可梦,
凌辱,
水晶耳环,
白色兜帽,
唇环,
捂住自己的耳朵,
扩张,
四头肌训练,
前戏,
结婚戒指,
臀部摇晃,
红色头巾,
物化,
噘嘴,
窗台,
矮胖体型,
全身镜,
肩衣,
螺丝刀,
机械师,
面包车,
新月脸部标记,
蓝色连体服,
彩色鞋底,
棕榈叶,
菠萝,
坐在树枝上,
腕带,
赛博时尚,
衣服下张开阴部,
层叠托盘,
仓鼠,
节肢动物肢体,
蜘蛛女孩,
乳房镂空,
火岩队,
虎纹,
红色臂章,
埴轮（雕像）,
蓝色毛衣背心,
斜条纹领带,
双色领带,
舔睾丸,
猪缚,
羊排胡须,
橙汁,
未穿_连衣裙,
白色_连帽衫,
燧发枪,
燧发枪,
起重机_(机器),
稻田,
白色_镶边,
湿_毛巾,
毛边_和服,
三角_发饰,
连接_穿孔,
乳头_链,
无肩带_下装,
避孕套_盒,
员工_制服,
在_人_身上,
富士_山,
下乳_镂空,
环形_口塞,
液体,
日食,
口塞_束带,
绿色_毛衣,
军乐队_制服,
夏柯帽,
脚蹼,
破碎_心脏,
猪,
好奇,
前后,
静物,
纠缠,
躺在_水_上,
取下_眼镜,
伏特加,
抱着_他人的_腿,
蓝色_鬼,
红色_鬼,
日清_杯面,
靠着_窗户,
滑冰,
锚_符号,
倾倒_在_自己_身上,
阴茎_上_精液,
扶她_对_男,
獠牙_刘海,
歌曲_名称,
古希腊_服装,
希顿,
希腊罗马_服装,
椰子树,
脖子痣,
宝矿力水特,
手捂别人嘴,
荷叶边短裤,
施虐,
桶,
洗头发,
吉他盒,
失明,
烧伤疤痕,
双肢截肢,
懒眼,
袴裤着,
独轮手推车,
毛皮帽,
工具,
额外瞳孔,
头发飘过,
玻璃门,
手掌,
行李,
贱脸,
木马,
拨浪鼓,
做巧克力,
撒豆,
牛角,
星星胸针,
白色管上衣,
恵方卷,
卷寿司,
麒麟_(铠甲),
心形项圈,
迷彩裤,
部落纹身,
日本国家警察,
枪套中,
刀鞘,
金腰带,
额头纹身,
宽松衣服,
宽松衬衫,
尖头发,
填充企鹅,
香槟,
匹配服装,
椰子,
古埃及,
象形文字,
,tag
,gold_chain
,pink_cape
,areolae
,teardrop_facial_mark
,dragon_ball_(object)
,crest
,hairy
,winged_hair_ornament
,hands_on_another's_cheeks
,nursing_handjob
,tongs
,hooded_robe
,tambourine
,talons
,winged_arms
,adam's_apple
,unworn_bikini
,fireplace
,wolf_boy
,multiple_condoms
,pointless_condom
,simplified_chinese_text
,spider_web_print
,chibi_on_head
,barbell
,weightlifting
,silver_trim
,fried_rice
,purple_headband
,onesie
,shared_earphones
,holding_heart
,racetrack
,mohawk
,bars
,pussy_juice_drip_through_clothes
,single_pantsleg
,torn_jeans
,balaclava
,holding_violin
,heart_in_heart_hands
,propeller_fighter
,ear_ribbon
,forked_tongue
,spoken_zzz
,lute_(instrument)
,wolf_girl
,gift_bag
,hook_hand
,cracked_wall
,abandoned
,scratching_head
,medal
,menacing_(jojo)
,fleur-de-lis
,official_art_inset
,consensual_tentacles
,mitre
,face_in_pillow
,full_nelson
,tri_braids
,struggling
,martial_arts
,racing_suit
,green_armor
,shoulder_spikes
,multicolored_gloves
,autobot
,parka
,ushanka
,undersuit
,exercise_ball
,wife_and_wife
,math
,cola
,package
,clover_print
,visor_(armor)
,sideless_kimono
,holding_pole
,feather_hair
,butterfly_on_hand
,holding_bird
,daikon
,radish
,sword_on_back
,vignetting
,shaking_head
,volcano
,multicolored_cape
,brown_choker
,glowing_butterfly
,split_theme
,desk_lamp
,duct_tape
,taking_picture
,timestamp
,legband
,table_tennis_paddle
指甲油瓶,
匡威鞋,
脏脚,
催眠,
填充鸟,
拱形刘海,
粗暴性爱,
头靠别人肩上,
泡沫,
纸质纹理,
蕾丝镶边衬衫,
西兰花,
文具盒,
空手道服,
低腰裤,
捂脸,
紫色背心,
脖子上哨子,
蒙住别人眼睛,
人行横道,
骑自行车,
纯色眼睛,
雪花图案,
断肢,
疯狂笑容,
抓娃娃机,
卡座座位,
爱丽丝_(爱丽丝梦游仙境)_(cosplay),
华夫饼,
棋盘饼干,
克苏鲁式怪物,
透明翅膀,
沙滩排球,
额头疤痕,
撕裂紧身衣,
粗壮手臂,
猫咪套装,
柄勺,
这个萝莉控们的眼睛,
紫色眼影,
乳头饰品,
脏脸,
光芒四射背景,
未佩戴珠宝,
未佩戴项链,
动物毛发饰品,
花手镯,
无眉毛,
双分刘海,
圣诞饰品,
色彩计时器,
怪兽,
紫色着色眼镜,
印章标记,
雨披,
粉色花瓣,
右衽和服,
富有表现力的头发,
心脏_(器官),
叶子发饰,
运动胸罩上提,
侧边钻卷发,
抓衬衫,
吹气,
帐幔床,
双色帽子,
狗男孩,
钥匙孔,
低音谱号,
睡衣,
被包围,
手臂吊带,
2其他人,
蓝色毛皮,
拿着行李箱,
永久指针,
数字体温计,
肩带上提,
波点丝带,
露肩毛衣,
红色着色眼镜,
背着人,
侍者,
波点蝴蝶结,
连帽运动夹克,
层叠和服,
灰色和服,
乡村,
绿色袖子,
茄子,
观众,
钢管舞,
脱衣舞娘,
脱衣钢管,
动物化,
天空印花,
购物篮,
短裤挂一腿,
紫色铠甲,
木枷,
写实,
店面,
烛台,
褶边_袖口,
海豚短裤,
错配_比基尼,
小红帽_(格林)_(cosplay),
试穿_衣服,
短_眉毛,
茫然,
螺丝,
头上_螺丝,
和服_拉开,
嘴_流口水,
画师_自插,
背鳍,
人鱼男,
能量_饮料,
波点_连衣裙,
强化_套装,
乳头_胶带,
蓝色_连指手套,
湿_连衣裙,
飞鱼,
短袖_毛衣,
牙齿,
银河,
cel_着色,
红色_裤袜,
十字_项圈,
可变_战斗机,
裁剪_手臂,
日本画,
污渍_内裤,
双色_外套,
橙色_头带,
口头禅,
张开_肚脐,
睡在_人上,
星星_乳贴,
扑腾,
被尾巴_抬起,
面包屑,
抱着_毯子,
不悦,
香蕉皮,
衣服内_射精,
纸飞机,
垃圾袋,
数字_溶解,
像素化,
炒面,
咖喱饭,
渐变和服,
有领外套,
白色吊袜带,
发烧,
草摺,
可见空气,
微波炉,
回忆,
骷髅项链,
鸟形发饰,
爆米花,
触手头发,
口中含餐具,
手按自己胯部,
火球,
阴云,
漂浮颈饰,
高草丛,
薙刀,
比基尼短裤,
拿着菜单,
环形发饰,
容器,
卷曲眉毛,
阴茎在他人衣服下,
拿着地图,
异色皮肤,
折纸,
牛仔外套,
打码文字,
断剑,
损坏武器,
液体上花朵,
液体上花瓣,
长丝带,
袈裟,
僧人,
掌印,
>_o,
竖琴,
黄色指甲,
警示胶带,
禁止入内,
未穿着的过膝袜,
铆钉项圈,
白色套装,
肩上痣,
动物鼻子,
滑梯,
图案头发,
棉花糖,
龟头手交,
发情,
纹理,
达磨娃娃,
双色短裤,
交通,
交叉系带开衩,
花朵项圈,
手臂置膝上,
波点腿饰,
x_x,
红色羽毛,
女管家,
蓝色运动胸罩,
反光焦点,
奇美拉,
奶瓶,
平行宇宙,
手置他人腰上,
青少年,
避孕套包装条,
无杯胸罩,
手腕蝴蝶结,
编号,
印花头饰,
缎带辫子,
银莲花,
绘霞,
宽边,
整理围巾,
卡珠环,
乳头对乳头,
超级赛亚人,
纽扣空隙,
脚跟抬起,
水色背心,
狮尾,
迎面拥抱,
臂刃,
化妆刷,
香水瓶,
头发穿过头饰,
芬达斯特拉托卡斯特,
鲤鱼旗,
风向袋,
巴西国旗,
手持骷髅头,
彩色舌头,
紫色舌头,
火车站月台,
胸部纹身,
缰绳,
奶酪痕迹,
披萨片,
脖子挂相机,
抱着狗,
小瓶,
热狗,
肥胖,
披萨盒,
索具,
肩带,
双色内裤,
脸上绷带,
手榴弹拉环,
工具腰带,
HK416步枪,
警察徽章,
红色王冠,
橙色领带,
希腊脚型,
破损夹克,
耳朵向下,
波点裙,
暗示肛交,
更衣室,
红色运动胸罩,
煎饼堆,
多米诺面具,
后末日,
假指甲,
手放在他人膝盖上,
脸颊靠着,
双色披风,
躲闪,
靴下过膝袜,
破损围巾,
锈迹,
低绑侧马尾,
展示腋下,
无背连体衣,
无限符号,
橙色毛皮,
桶（容器）,
红地毯,
季节关联,
手_放在_他人背上,
手_撑_地面,
衣服下_紧身衣,
战斗力探测器,
细条纹西装,
官方_另色版,
植物_根须,
飘浮_围巾,
无裆_裤袜,
外凸_肚脐,
手_放在_乳房上,
火箭队,
哑铃,
令咒,
头发_颜色_连接,
棕色_紧身胸衣,
黑色_面具,
颈甲,
贴纸,
村庄,
官方_另发长版,
狼人,
铆钉_手镯,
侧系带_走光,
自己_打开,
臂缚器,
会阴,
阴茎_大小_差异,
3_他人,
其他_焦点,
绿色_兜帽,
拿着_分离_头部,
绿色_火焰,
遮住_阴茎,
对决盘,
无裆_内裤,
狗_发饰,
纸张_堆叠,
直垂_发丝,
毛皮_披风,
钓鱼线,
番茄酱,
男性_兔女郎,
折叠_衣服,
多彩_帽子,
兴奋,
长鼻子,
宝可梦癖,
捕鼠夹,
兔子_兜帽,
戟,
宝丽来照片,
抓领带,
team_9_(东方),
坟墓,
防晒衣,
撕破连体袜,
火焰图案,
pinup_(风格),
监狱,
前液滴落,
蜷缩,
红色窗帘,
僵尸姿势,
混凝土,
红鼻子,
面朝下,
乳胶紧身衣,
铆钉项圈,
短款毛衣,
羊耳,
遮住睾丸,
阴茎微露,
翅膀胸针,
细条纹连衣裙,
透视连体衣,
本田,
穿衣宝可梦,
日立魔法棒,
黄油,
拿着遥控器,
半透明,
官方备选发色,
粉色连帽衫,
超大乳杯,
救生员,
绿色吊带背心,
公寓,
校队夹克,
拳头相碰,
脱下比基尼底裤,
X手指,
bara,
赛车,
赛车,
新选组,
POV门口,
彩色眼罩,
星星纹身,
锥形瓶,
遮住_一只_眼睛,
多绑带_比基尼_底裤,
阿盖尔_毛衣,
橙色_袜子,
抓住_袖子,
黄色_臂带,
不对称_鞋履,
不匹配_鞋履,
双色_比基尼,
犯罪_档案照,
通缉海报,
拿着_麦克风架,
前部_开叉,
指挥棒,
破碎_镜子,
脖子_头巾,
白色_兔子_(动物),
水蓝_水手领,
电池_指示器,
棕色_围裙,
侧戴_帽子,
转身_离开,
多个_手镯,
二头肌,
哑铃,
心形_乳贴,
肩搭_夹克,
条码_纹身,
灰色_斗篷,
白色_铠甲,
携带_包,
眼睛_瘀青,
不对称_袖子,
不匹配_袖子,
额外_嘴巴,
日常_工具,
长_尾巴,
拟态怪,
拟态_宝箱,
黄铜_指虎,
米色_夹克,
蛇_发饰,
外骨骼,
抱住_自己的_尾巴,
拉扯_连体衣,
前_马尾,
斜挎包,
白色_斗篷,
法师_法杖,
红色_眼影,
锚耳环,
弩,
多色指甲,
心形脸部标记,
力量符号,
力量符号形状瞳孔,
极长袖子,
头盔盖眼,
沐浴后,
大腿痣,
无头,
抓挠,
手势,
粉色腕环,
吻后,
进化系,
无脚,
棕色阴毛,
紫色阴毛,
棕色花朵,
鸢尾花_(花卉),
捏袖子,
花札,
塔罗牌,
持放大镜,
棕色紧身衣,
婚纱内衣,
背心,
星空背景,
超级赛亚人1,
角色挂饰,
持掌上游戏机,
啤酒瓶,
厚底高跟鞋,
黄框眼镜,
双色和服,
血管乳房,
灯罩,
肖像画_(物体),
铅管,
腰带链,
灰色运动胸罩,
胸肌沟,
缎带镶边披肩,
暗示额外耳朵,
抽象,
灰色轮廓,
身体彩绘,
蓝色连帽衫,
冰柱,
尖顶帽,
迷彩夹克,
战斗头盔,
夹克部分脱下,
火炬,
眼睛印花,
头放在桌上,
海豹_(动物),
黄色巩膜,
专注,
手放在他人的臀部,
精液膨胀,
黄色吊带背心,
蓬松,
身体上的洞,
闪回,
木头,
头发盖脸,
手淫手势,
多角,
獠牙,
波浪眼,
摔跤擂台,
反向服装,
巧克力糖浆,
钢盔,
/,
粉色瞳孔,
阴天,
单手腕铐,
狼尾发型,
分叉眉毛,
外科口罩,
防毒面具,
蝴蝶饰品,
看着镜子,
火焰眼,
撕裂披风,
垂直乳交,
半面罩,
鲨鱼鳍,
鲨鱼娘,
头发耳朵,
帝国腰线,
竖条纹和服,
口套_(面具),
耻毛短须,
阴茎贴阴部,
手臂横跨腰部,
书放在膝上,
爪_(武器),
贵族_服装,
舌环,
弹鼓,
调整_连体衣,
新式_学校泳装,
火箭队_制服,
吉翁,
丁字裤_拨开,
阿兹特克,
隐形,
耳朵_红晕,
c字裤,
过度_阴户汁液,
西里尔文,
俄文,
巧克力_香蕉,
流鼻涕,
二维码,
分离_连帽,
喉部_麦克风,
鬼面具,
麻痹器,
零装,
光轨迹,
腰包,
紧身裤,
袴抜き_动作,
海藻,
鸟山明_(风格),
帯留,
腋下_触手,
蹼状_手掌,
花环_(装饰),
拿着_唇膏管,
蓝色调_眼镜,
._.,
大耳朵,
红色_运动服,
计数_标记,
棋子,
骑士_(国际象棋),
卒_(国际象棋),
褶边_吊带背心,
军刀_(武器),
德国,
黑色_娃娃装,
单脚_裸足,
分离_打底裤,
拿着_蜡烛,
红色紧身胸衣,
勾玉耳环,
深色乳晕,
大腿镂空,
豆袋椅,
黄色连帽衫,
袖,
悬挂灯,
拿着卷轴,
狩衣,
乌龟壳,
晓组织制服,
人工眼睛,
机械眼睛,
傀儡线,
写轮眼,
狐狸男孩,
鼻子相触,
斯奎恩斯,
画家风格,
德国服装,
北极熊,
鸽子,
燕尾服,
泥刀,
花项链,
花环,
头饰,
胸肌上射精,
鱼网袜,
罗纹袖子,
干磨,
磨蹭,
小麦田,
单肩甲,
充气鲸鱼,
佐拉,
半人马,
兽人,
黑色皮肤,
黄色裤袜,
单头发管,
口水滴落,
裸足凉鞋（首饰）,
角面具,
四字坐姿,
很长胡须,
马耳朵,
印花鞋履,
迷彩头饰,
大日本帝国陆军,
防空炮,
探照灯,
鱼雷发射器,
鱼雷管,
包扎手指,
挠痒侧身,
挠痒腋下,
钥匙项链,
遮脸,
肩炮,
踝部包裹,
漫画封面,
法被,
动物耳耳机,
猫耳耳机,
2007,
捕捉,
橙色猫,
彩南高校制服,
三脚架,
围巾蒙嘴,
单手新娘护臂,
垂死,
灰色围裙,
糖果包装纸,
蝴蝶结裙,
兔子男孩,
JOJO姿势,
三角图案,
未穿外套,
包装糖果,
蓝色面纱,
钥刃,
防犯蜂鸣器,
短浴衣,
防弹背心,
警车,
绿色巩膜,
粉色毛皮,
拿着锅铲,
流星雨,
羽毛镶边,
罂粟花,
海军制服,
白色睡袍,
龙角,
机器人女孩,
抬头显示,
蓝色头盔,
红色头盔,
橙色腿装,
能量充填,
巨大怪兽,
联合国太空军,
约会,
菜单板,
拿着胡萝卜,
交叉肩带,
黑色面纱,
鱼群,
嘴里叼牙刷,
白蛇,
乳交邀请,
天马骑士制服_(火焰纹章),
翼耳,
脸朝上,
雏祭,
2008,
拿着硬币,
翅膀发饰,
绿色眼影,
魔方,
拉牵引绳,
滚轮行李箱,
印花领带,
千鸟格,
皮带,
飞行甲板,
锚饰品,
鹿猎帽,
怪物化,
贝壳发饰,
黄色镶边,
圣诞花环,
圣诞袜,
飞行员夹克,
大腿袋,
钢琴图案,
毛皮,
注视阴茎,
票,
发情,
x3,
渔网紧身衣,
截图内嵌,
破斗篷,
粉色羽毛,
西班牙语文字,
紧张微笑,
单头翼,
脸部瘀伤,
分叉马尾,
冰冻操控,
国际象棋,
国王_(国际象棋),
皇后_(国际象棋),
双色眼睛,
格子衬衫,
<o>_<o>,
毛边领,
两侧开口衬衫,
飞机库,
男孩三明治,
平头,
武道腰带,
囚服,
摔跤服,
附身,
牛排,
裆部镂空,
蓝色腕环,
红色抹胸,
撕裂连体衣,
小地图,
漩涡,
男仆,
樱桃发饰,
食物主题耳环,
喷漆罐,
中等鬓角,
褶边腕带,
额头创可贴,
眉环,
菱形格纹镂空,
呕吐,
交叉系带镂空,
家居服,
身体标记,
发丝,
肩带,
印花袜,
猫耳发带,
手遮眼睛,
猫面具,
大衣裙,
大师剑,
共用毛毯,
月光馆高校制服,
格挡,
裸体_夹克,
短裤下_自行车短裤,
橙色_连帽衫,
黄色_皮肤,
脸颊_疤痕,
尾巴_环,
渐变_角,
多色_角,
橙色_角,
粉色_角,
绒球_耳环,
紫色_角,
有领_小披肩,
:i,
透明_马赛克,
拉链_裙,
2010,
2009,
彩绘_衣服,
邀请_膝枕,
无体_眼睛,
祝贺,
胸部_束带,
提起_骨盆帘,
街头风_服饰,
角斗士_凉鞋,
握住_别人的脚,
遮住_肛门,
臀部_焦点,
大胸肌,
粉色_袖子,
裤子_塞入,
双面_外套,
熔岩,
兴奋_鼻血,
步行者_(机器人),
棕色_嘴唇,
动力_套装,
内裤_外穿_裤袜,
多色_围巾,
水蓝_夹克,
破损_盔甲,
颜色_对比,
霸天虎,
超长_舌头,
温室,
格子_腰带,
罗纹_紧身衣,
有袖_紧身衣,
超长_指甲,
力量连接,
唤魔者,
手臂痣,
身上痣,
飞溅,
蕾丝颈圈,
鱼缸,
受精,
卵子,
deviantart用户名,
廉价缠胸布,
寺庙,
水动力控制,
兔子姿势,
帕帕哈帽,
拉男内裤,
立乌帽子,
监狱牢房,
绿色毛皮,
阴阳图案,
肚脐毛,
铂金金发,
大桥高中制服,
大手,
如意金箍棒,
波塔拉耳环,
超级赛亚人4,
梅塔莫伦背心,
巨大睾丸,
黄色宝石,
金色耳环,
勺状领口,
拿着灯笼,
水色和服,
姬男子,
骷髅图案,
唇珠穿孔,
黑色天空,
灰色连帽衫,
无面具,
单脱袖,
漂浮岩石,
绿色袴裤,
阴部痣,
半勃起,
臑当,
钟摆,
过膝,
皮克敏_(生物),
警察,
乳头摩擦,
榴弹发射器,
团队合作,
高挑女性,
黑色围裙,
无阴扶她,
香槟酒杯,
波点睡衣,
水晶鞋,
星形瞳孔,
克拉伦特_(fate),
切割,
双色运动胸罩,
团体名称,
拿着鹅毛笔,
覆盖腹肌,
眼睛在阴影中,
旗杆,
眉毛,
呆毛摇动,
蝴蝶纹身,
挠脸颊,
裙子花朵,
地球联邦,
浴衣,
复制能力,
拿着气球,
擦脸,
超广角镜头,
红色连帽衫,
双色裙子,
灰色毛衣背心,
抱着腿,
勾玉项链,
单只凉鞋,
手臂放在自己头上,
姑姑和侄女,
腹部疤痕,
猪耳朵,
梦可爱,
蓝色镶边,
固定,
拿着权杖,
替代形态,
欧尼正太,
植物头发,
游戏截图背景,
截图背景,
电影院,
棕色斗篷,
星星魔杖,
抓角,
鼓眼,
固定,
咬脖子,
牛仔,
纳米德苏_(短语),
卡通化,
污渍衣服,
无袖高领连体衣,
双面连衣裙,
单肩带,
精灵短发,
纽扣眼,
额外腿,
橡胶手套,
散乱阴毛,
大腿带,
嘟嘴,
断角,
拿着绳子,
臀部痣,
吻脖子,
床单鬼,
毛皮比基尼,
灰色角,
单耳下折,
床头柜,
涂鸦,
迷因服装,
物体头,
护耳,
印花马克杯,
暗示BL,
光学瞄准具,
拿着蛋,
裂纹玻璃,
桅杆,
吊带滑落,
多肩带比基尼上衣,
龙男孩,
多色皮肤,
双色皮肤,
拿着梳子,
巨大睾丸,
展示脚,
粉色袴,
纸鹤,
手毬球,
书包,
能剧面具,
黑色臂套,
拿着镜子,
:s,
阿什福德学园校服,
水平条纹过膝袜,
手腕切割,
水色裤子,
有领马甲,
古埃及服装,
花胸针,
格子蝴蝶结,
毛兽与毛兽,
摩托唯,
红色花瓣,
蓝色眼影,
鱼男孩,
波斯菊（花）,
彩糖,
破面,
交叉系带比基尼,
车辆与拟人化,
白色面具,
火焰尖尾巴,
亲昵,
拿着蛋糕,
对比,
调酒师,
白色臂套,
看着手,
精细布料强调,
风吕敷,
裙下裤子,
蜘蛛图案,
乳交后,
未戴眼罩,
交叉系带裙子,
飞行员,
阿兰毛衣,
缆绳编织,
壁咚,
钥匙链,
单臂暖套,
O环腰带,
龙纹身,
实验室,
豆腐,
在水上,
绿色头带,
猫之日,
金臂环,
线之心,
宝塔,
红色胸针,
鬼魂服装,
狼服装,
万圣节服装,
腋下焦点,
下沉,
聊天日志,
头巾,
种子,
红色围裙,
衬衫部分塞入,
拿着纸箱,
骷髅面具,
模仿,
蝎尾,
多条肩带,
咖啡桌,
衬衫下摆垂出,
红色面具,
羽饰,
黑色外套_(王国之心),
长侧发,
手指较少,
企鹅兜帽,
脱夹克,
便条,
脸上奶油,
歪斜头饰,
拇指戒指,
雪花背景,
甜椒,
缝合脸,
大肚子,
印花裙,
拿着三叉戟,
和服裙,
超大四肢,
分离头发,
推开,
筋络手,
绿色角,
人形剑鞘,
恩佩拉,
动物头,
新月项链,
水蓝镶边,
烟雾痕迹,
普通西装,
华丽戒指,
脖子疤痕,
皱缩肛门,
水蓝色皮肤,
参考图嵌入,
炬燵下,
拿着罐子,
弯曲吸管,
dalachi_(头饰),
污垢,
精灵球主题,
iei,
蓝鸟,
炸鸡,
喷瓶,
收起阴茎,
水蓝围巾,
某高中制服,
条纹臂暖器,
竖条纹裤袜,
灰色男士内裤,
仅脚部,
排球制服,
迪琳德尔裙,
化学结构,
渐变翅膀,
披肩,
鹿尾巴,
舔别人脸,
额前细缕发,
静电,
威化棒,
海拉鲁之盾,
变身姿势,
红色开衫,
雪球仪,
心跳,
闪亮腿衣,
低位绑发,
tsab地面部队制服,
细矢来纹,
猪年,
奶油泡芙,
蜈蚣,
背负盾牌,
毛皮,
绿色瞳孔,
发光纹身,
绿色束腰衣,
传送门_(物体),
液体头发,
小丑,
胸口心形,
上之院墨镜,
三角眼镜,
树枝,
拉起毛衣,
躺在大腿上,
抓胸肌,
眼中符号,
无背内裤,
格子和服,
胸带,
乳液瓶,
秒表,
小丑鼻子,
舔别人脸颊,
腹卷,
自残,
单腿裤袜,
短裤下内裤,
滑板,
多色鞋履,
手缠带,
活头发,
骷髅饰品,
阴阳宝珠,
扑克筹码,
不明红色液体,
黄枪_(Fate),
红枪_(Fate),
虎男孩,
虹彩,
四号坦克,
新娘腿饰,
芙莫_(玩偶),
蓝色男内裤,
小丑_(扑克牌),
长夹克,
无手套,
鸡蛋花,
腕花,
格鲁德,
抽搐,
持弩,
皮革铠甲,
足甲,
氧气面罩,
抓睾丸,
精液泡泡,
蓝色护目镜,
乳胶过膝袜,
额冠,
叔叔与侄女,
悲伤微笑,
X臂,
头顶水果,
不对称裤子,
带兜帽披肩,
红色角,
交叉乳贴,
牙箍,
蝴蝶胸针,
羊尾巴,
呼吸器,
手叠手,
上挑眼睛,
大猩猩,
外套半脱,
不同肌肉尺寸,
土气女孩,
包皮垢,
待续,
能量炮,
星云,
导弹吊舱,
一格漫画,
底削发型,
卡扣,
精子细胞,
蓬松头发,
松鼠女孩,
松鼠尾巴,
连衣裙下衬衫,
黑洞,
巨石,
脸上巧克力,
骷髅旗,
水手帽,
弓腿姿势,
对讲机,
假杂志封面,
凌乱,
多色毛皮,
清澄校服,
连衣裙下裤子,
拿着烧瓶,
肚脐上方镂空,
侧系衬衫,
头链,
灰阿斯科特,
猴娘,
火焰喷射器,
青蛙印花,
吻部,
双色毛皮,
蓝色臂章,
手套拉起,
乳头镂空,
羊角面包,
耳夹,
白色袴,
黑色男泳装,
印花袖,
双色连体泳装,
蜷曲手指,
持围巾,
器官,
灰西装,
引眉,
细条纹裤,
黄腰带,
零之泳池,
狮娘,
托加袍,
破损面具,
圆顶帽,
祥云,
腋下镂空,
争吵,
黑眼线,
单靴,
蓝莓,
灰领结,
暗室,
圆窗,
霰弹壳,
漂浮武器,
饺子,
饺子,
药盒帽,
护目镜,
洞洞鞋,
喷漆,
短侧马尾,
c:,
中指戒指,
红颈饰,
黄调眼镜,
热带鱼,
背枪,
棕色袖子,
龅牙,
嫩芽,
暗示舔阴,
恶魔果实能力,
绿色发圈,
捏弄自己的乳头,
口交手势,
紫色火焰,
猫网游戏,
臀部支撑,
兽化,
银河,
晴朗天空,
带刺肩甲,
智能手机,
乳间阿斯科特领,
眼睛拖尾,
有领连体衣,
兔耳发带,
双W,
杜拉汉,
阿拉克涅,
蓝色斗篷,
魔像,
烛台,
头上蒸汽,
故障效果,
金属皮肤,
背后头戴耳机,
拿着扩音器,
白色紧身裤,
象征手法,
草莓片,
花饰,
数字_(奈叶),
心形眼镜,
口交邀请,
萨姆布朗腰带,
EMO时尚,
绘画,
红色西装,
紧绷连体衣,
马蹄铁,
复活节,
白色鸟,
喷气背包,
长耳垂,
松鼠耳朵,
画具在画面中,
黑色头盔,
低开衩袖孔,
御柱,
有角帽子,
对称姿势,
多条项链,
紫色蝴蝶,
马卡龙,
手按玻璃,
说话表情,
穿过墙壁,
无裆裤,
雪女,
初音未来_(角色扮演),
印花围巾,
挥动手臂,
音符印花,
拿着领带,
毛边斗篷,
连体衣,
飞行员太阳镜,
侧绑带泳装,
撕破比基尼,
心形气球,
细碎刘海,
长手臂,
火焰尾巴,
蓝色角,
双色围巾,
双手放在自己腿上,
粉色镶边,
趾行,
橙色发圈,
手搁置,
拿着电锯,
鼬耳,
鼬娘,
鼬尾,
钢琴键,
不对称袖子,
灰色开衫,
枪刃,
樱桃番茄,
番茄片,
熊男孩,
抱着人物,
扭曲,
猕猴桃片,
心形头发,
单膝护膝,
分层比基尼,
山羊耳朵,
山羊女孩,
山羊角,
山羊尾巴,
木偶环,
未戴领带,
平板电脑,
蓝血,
破损外套,
v字遮嘴,
木箱,
荷叶边肩带,
家族纹章,
拉面具,
红色罩袍,
偶像服装,
葡萄发饰,
绿色胸针,
云朵发饰,
软木头盔,
条纹头饰,
单肩连衣裙,
抱着宝可梦,
蓝色男泳装,
中心瓣刘海,
绿色帽衫,
骨头发饰,
金色鞋履,
蜂巢发型,
鸟面具,
花形瞳孔,
十字伤疤,
绿色披风,
星星饰品,
印花裤子,
一次性咖啡杯,
橙色连体衣,
吐烟,
翅膀饰品,
深色肛门,
带孔钱币,
颈部创可贴,
拿着马克笔,
未穿靴子,
黑鸟,
唐伞鬼,
带翼心形,
彩虹_头发,
鸣谢_页面,
乌塞克_项圈,
角色_发饰,
格子_腿饰,
眼罩_比基尼,
骷髅_手臂,
姜饼人,
彗星,
大鼻子,
格子_帽子,
土下座,
胸口_洞,
头上_生物,
机械_角,
黑色_腿暖袜,
手放在_别人的_大腿上,
青色_头饰,
紫色_小披肩,
双色_马甲,
连帽_紧身衣,
女性_哥布林,
拿着_验孕棒,
暗示_怀孕,
验孕棒,
小型_动物,
马_女孩,
细条纹_夹克,
肩上_生物,
褶边_水手领,
水果_杯,
红色_管上衣,
复活节_蛋,
印花_夹克,
眼镜_带,
月桂_花冠,
银杏叶,
超大_前臂,
超小_内裤,
棕色_指甲,
鸟_腿,
腿_疤痕,
性别转换_(otf),
工具箱,
戒指_项链,
结露,
月相,
小_汗珠,
三角_耳环,
脚_放在_桌子上,
涂鸦马赛克,
橙色头饰,
大尾巴,
手臂疤痕,
熊猫兜帽,
黑桃发饰,
低腿短裤,
眼白不对称,
强奏,
荷鲁斯之眼,
褶边马甲,
双面裙,
拿着记事本,
无袖毛衣,
ゆっくりしてってね,
无尾巴,
灰色袖子,
围巾未系,
尖刺尾巴,
头足类眼睛,
placart胸甲,
多色领带,
小丑鱼,
兔年,
剪刀刃_(斩服少女),
印花毛衣,
单肩肩垫,
帽子腰带,
空洞眼睛,
订书机,
毛皮靴,
臂甲,
手臂血迹,
宝可梦招式,
骑乘宝可梦,
鼠年,
印章印记,
物种关联,
火焰眼睛,
彩色四肢,
多色连帽衫,
红手,
侧系裙,
网代笠,
棕色羽毛,
半人马型,
白色开衫,
蓝色胸针,
单眼面具,
音频接口,
臀部_纹身,
条纹_夹克,
竖条纹_夹克,
单腿_裸露,
奇迹_锤子,
疯狂_吸管,
胸花,
复眼,
任天堂_3ds,
胡须_胡茬,
类似_颜色,
白色_花瓣,
紫色_长袍,
脖子_纹身,
宇宙飞船_内部,
手_手势,
羊_服装,
高领_衬衫,
水果_帽子_饰品,
渐变_裙子,
白色_睫毛,
螺栓_(五金),
棋盘,
眼睛_星星,
吊带_短裤,
琵琶,
口袋_笔,
单_露肩,
双面_夹克,
拿着_火炬,
长_手指,
闪光_宝可梦,
鬼魂_姿势,
交叉_系带_上衣,
连帽_背心,
滑雪_护目镜,
绳上_硬币,
腰间_开衫,
精灵球_印花,
猫头鹰_女孩,
羽毛_镶边_袖子,
单肩_衬衫,
拼布_皮肤,
动物_头骨,
海盗_服装,
罗纹_大腿袜,
屏住_呼吸,
赌场,
肩膀_创可贴,
身高,
跨身伸展,
树果_(宝可梦),
口罩围脖子,
时钟眼睛,
火焰角,
白色披肩,
迷你胸罩,
炼狱之桩,
胸部帘子,
义肢腿,
避孕套腰带,
缝合嘴巴,
pixiv标志,
绿色裤袜,
耳朵蝴蝶结,
巧克力碎片饼干,
白头鹰,
多彩头饰,
长角,
银色连衣裙,
alphes_(风格),
秋刀鱼,
橙色宝石,
睡眠眼罩,
黑色手腕镣铐,
电插头尾巴,
蕨类,
前开服装,
头骷髅,
金色比基尼,
分层衬衫,
灰色花朵,
湿脸,
蓝色束腰上衣,
紫色镶边,
初音日,
羽绒服,
皮肤覆盖角,
紫色开衫,
即将拥抱,
蓝色花瓣,
连帽衫掀起,
短款连体裤,
弹跳臀部,
缝合手臂,
缝合躯干,
荣耀墙,
外套披肩,
棕色长袍,
鬣狗耳朵,
肩甲,
毒,
肥肉褶,
分叉尾巴,
诊断制造商,
遮挡插入,
太空头盔,
八十神高校制服,
漂浮骷髅,
条纹发带,
心形吸管,
裸体连帽衫,
不良少女,
嘴纱,
拿着哨子,
市场摊位,
吊起背心,
地图_(物体),
作川学校制服,
金色发带,
手绘,
蓝色舌头,
鼻环,
竖条纹裤子,
黄色瞳孔,
箭穿心脏,
樱丘高校制服,
病态可爱,
心形前贴,
无发饰,
浓密睫毛,
发角,
玻璃碎片,
缝合脖颈,
霓虹色调,
装甲紧身衣,
心电图,
星空头发,
直江津高校制服,
雪花发饰,
渐变丝带,
心形O环,
山羊男孩,
葬礼礼服,
渐变腿饰,
蛇尾巴,
蝙蝠女孩,
蜥蜴尾巴,
携带小孩,
嘴部疤痕,
破袜子,
臂部镂空,
连帽裙,
初始宝可梦三人组,
紫色绳子,
护胸,
背部疤痕,
寸头,
美国旗腿饰,
不同体型,
口袋里的物体,
竖条纹头饰,
审判臂章_(toaru),
男人胸,
小冠_(头饰),
十字键,
绯蒼之剑,
太空图案,
钟名石,
白色光环,
包扎的脚,
蛾女,
身体雀斑,
胎记,
条码扫描仪,
带刺壳,
燃烧的手,
被困,
荧光棒,
闻阴茎,
胡狼耳,
39,
亚马逊体位,
桃子帽饰,
发光的嘴,
旗手,
拿着铃铛,
肩部疤痕,
小鸭子,
歌い手,
灰色小披肩,
AR-15,
棋盘旗,
拿着牙刷,
脖子上的动物,
瞬间失败,
耳麦,
水蓝色花朵,
圆锯,
晕开的口红,
迷你女巫帽,
长鬓角,
原体,
拿着钥匙,
历史名称关联,
格拉斯哥微笑,
肩带,
双色过膝袜,
双狐影子玩偶,
薄荷色,
蓝色羽毛,
念动力,
bkub_(风格),
碗帽,
金项圈,
井号,
半上辫子,
花结,
肩上宝可梦,
白色头盔,
熊娘,
棕色西装,
扑克桌,
破帽子,
狼切,
羽毛耳环,
细绳胸罩,
后记,
尾巴绕自己的腿,
图鉴编号,
游戏截图内嵌,
方格围巾,
制御棒_(东方),
菱形纽扣,
绿色连体裤,
接发,
法尔奇恩_(火焰纹章),
角色签名,
旗袍罗丽塔,
黑色头巾,
白色披肩,
高领夹克,
负重装备,
身体护甲,
心形纽扣,
衬衫内衬衫,
竖条纹袖子,
绿色光环,
头上兔子,
豹耳,
豹尾巴,
高腰带,
叶子帽饰,
苏库苏库白泽,
颈部毛皮,
胸部血迹,
护裆,
水手比基尼,
自残疤痕,
水獭,
乔斯达胎记,
鱼尾巴,
卡通骨头,
粉色火焰,
基比托高中制服,
2014,
黄色披风,
橙色瞳孔,
蓝色头巾,
胸帘,
钉刺项圈,
长眉毛,
紫色面纱,
发型切换,
金苹果,
快餐制服,
蛇耳环,
内层彩发,
竹内孝_(风格),
平板电视,
蓝色巩膜,
阿盖尔连裤袜,
漂浮头饰,
虎娘,
牛年,
橙色背心,
灰度与彩色背景,
无眼罩,
毛皮夹克,
主教_(国际象棋),
车_(国际象棋),
打破第四面墙,
探矿杖,
头上创可贴,
结,
爪戒指,
5其他人,
粗壮阴茎,
胸肌下方,
紧身胸衣,
表情符号,
花卉印花连衣裙,
iPhone,
白色面纱,
不对称角,
彩色内侧动物耳,
借用设计,
高腰短裤,
叙述,
臀部波纹,
装甲紧身衣,
比基尼底裤拉下,
格子夹克,
黑色连体裤,
侧发束后,
塑料瓶,
红色长袍,
前拉链泳衣,
,
国家联系,
波点发圈,
腰部赘肉,
胸部宝石,
短信交流,
火鸡（食物）,
带刺臂环,
船锚发饰,
条纹连帽衫,
珍珠丁字裤,
带兜帽披风,
放课后茶话会,
贞操笼,
骑士腰带,
战术服装,
雷曼四肢,
角花,
头饰穿过角,
角环,
工业穿孔,
闪亮与普通,
未佩戴领结,
刺猬女孩,
木乃伊服装,
头后光环,
阿伊努,
decora,
春节,
多重绘画挑战,
动物耳兜帽,
阴茎阴影,
高坂桐乃的校服,
印花连帽衫,
七森校服,
方向键发饰,
糖果辣妹,
蜡封,
半截裙,
假手机截图,
吊坠项圈,
O环束缚带,
万圣节桶,
拿着鱼雷,
不可能这么可爱,
星星光环,
双重\m/,
闪电发饰,
肩甲,
4其他人,
男性手,
巨大角,
爱心瞳孔,
仪式棒,
高领连体衣,
食指抬起,
文胸线条,
我们在现在之中,
流苏发饰,
阵笠,
“别说“懒””,
比基尼短裤,
田径服,
瑜伽裤,
脸上贴纸,
恐龙尾巴,
绿色鳞片,
无人机,
缎面内裤,
高低裙,
萌萌kyun！,
鹿角,
MTU病毒,
死之世界战线制服,
脚趾缝隙,
直播,
手放在他人腰上,
集换卡,
2012,
爬行动物男孩,
羊驼耳朵,
心形胸部挑战,
黄色羽毛,
刺猬,
艾雷泽恩,
海尔兰,
拉拉菲尔,
米克特,
超级球,
鸟男孩,
眼中之花,
香霖堂天狗服装,
鸡尾酒摇酒器,
测试插头服,
透视乳沟,
2011,
蛋形发饰,
金戒指,
锚图案,
K-pop,
动态姿势,
雷门,
雷门足球制服,
心形锁,
手臂置于膝盖,
食物名称,
安哥拉兔,
中国结,
海星发饰,
红色光环,
术士真言经卷,
毗沙门天宝塔,
毗沙门天长枪,
白色嘴巴,
对魔忍套装,
骨项链,
巨型男性,
纱布,
病娇恍惚,
织田褌,
编织刘海,
宽面条发型,
心形扣环,
备用发饰,
三角脸部标记,
肤色獠牙,
分段漫画,
樱纹,
僵尸服装,
棒球场,
白色连体衣,
红色毛皮,
脊椎,
鮟鱇鱼,
白色_娃娃装,
拿着_汉堡,
睫毛_饰品,
宝石_(符号),
金币,
艾斯图斯_艾斯托斯,
红色_披肩,
尼莫菲拉_(花),
双面_斗篷,
晕妆,
粉色_血,
时定女_校服,
孔雀_羽毛,
蛙娘,
夹克上抬,
猫_镂空,
细条纹_衬衫,
简易_鸟,
闪亮_泳装,
白色_制服,
巨大_眉毛,
带角_兜帽,
萌黄_高校制服,
墙上_血迹,
糖果_发饰,
虚线_眼睛,
闪光_印花,
嘴部_穿孔,
黑色_手,
虎年,
闪光,
圆形_脸部标记,
橙色_光环,
2020,
2015,
双色_领结,
蕾丝_袖子,
斜条纹_蝴蝶结,
斜条纹_领结,
官方_备用眼色,
委托人_姓名,
心形_吊坠,
黑色_男士内衣,
粉色_运动服,
他们之后疯狂做爱_(梗),
拿着_平板电脑,
黄昏球,
白色_运动鞋,
耳朵_胎记,
手臂_袋,
双色_裤子,
汽车_扰流板,
白色_束腰外衣,
心形_宝石,
深水_炸弹,
红色_男内裤,
条纹_头发,
文字_印花,
mega_宝可梦,
黑色_光环,
宝可梦_焦点,
天灯,
圣克罗尼卡_学院_校服,
渐变_皮肤,
vocaloid_附加,
侧胸肌,
正装_裤子,
pixiv_编号,
twitter_标志,
拿着_可丽饼,
手_纹身,
双色_连帽衫,
外露_口袋,
智能手机_壳,
古明地恋_日,
双眼下_痣,
胸肌_之间,
胸肌_推举,
deviantart_标志,
集数_编号,
一小时_绘画_挑战,
缺口_耳朵,
水蓝_袖子,
猫头鹰_耳朵,
连衣裙下_裙子,
材质_生长,
眉切,
脸颊_标记,
龙年,
袴_短裤,
印花_短裤,
蓝色_光环,
短裤下_紧身裤,
头灯,
粉色_光环,
虚拟_主播,
帕拉迪岛_军服,
立体_机动_装置,
黑色_耳机,
启动画面,
处女杀手装,
胸针,
角上_头发,
执政官_标记,
蓝色_长袍,
其他_种族,
短袖_夹克,
扑奇日,
米色_毛衣,
中二病,
发光_角,
拼布_衣服,
伸手_向_其他人,
音乃木坂_学院_制服,
星星形_眼镜,
魔法_火枪,
其他_面部_毛发,
橙色_眼白,
黑色_睡裙,
雌雄同体_符号,
鲨鱼_服装,
见泷原_中学_制服,
鹿目圆_(cosplay),
约德尔人,
鲸类_尾巴,
兔子屋_制服,
红酒,
巴麻美_嚼嚼,
魔女_(魔法少女小圆),
灵魂宝石,
多绑带_内裤,
焰,
绑耳,
爱娇囊,
狐狸_发饰,
三角形_瞳孔,
多彩_光环,
珍珠奶茶,
侧呆毛,
总武_高中_制服,
明线画,
毛皮_披肩,
尾巴_穿环,
夏色笑脸_de_1_2_jump！,
勾玉_发饰,
鲨鱼_尾巴,
抓住_他人的_手臂,
臀部_挤压,
暗示性交后,
水晶头发,
浓密臂毛,
训练兵团_(纹章),
物体浮在手上方,
tumblr用户名,
白色汉服,
海滩垫,
头上的御札,
凯皮帽,
手指抵脸颊,
pixiv用户名,
单膝靴,
单大腿靴,
齐胸襦裙,
露腋毛,
胸肌焦点,
绒球发饰,
玛丽亚·开膛手,
红色鳞片,
蝙蝠饰品,
心形手势失败,
水手泳装_(偶像大师),
卢米诺西特·埃特内尔,
提夫林,
高可见度服装,
浓密胸毛,
昆达拉_(Fate),
短款连帽衫,
鲸鱼发饰,
神山高校制服_(冰菓),
多色发带,
七彩丘中学制服,
银杏私立高校制服,
绿色毛衣背心,
物体在胸上,
东方式龙角,
卡牌恶搞,
侧分,
头发藤蔓,
侧披风,
白色鳞片,
条纹外套,
处女杀手毛衣,
蒙面,
毛衣塞进,
香风智乃的校服,
女仆日,
BC自由军服,
熊耳兜帽,
超级水枪,
腰部缎带,
Facebook用户名,
游戏椅,
带刺发带,
稀疏腿毛,
美国国旗连衣裙,
怪兽能量,
宇宙飞船发饰,
南瓜灯发饰,
圣诞礼物,
苏格兰便帽,
皇冠发饰,
小熊猫耳朵,
条纹背心,
斜刘海,
LGBT骄傲,
2013,
美洲豹耳朵,
美洲豹女孩,
脸上唇膏痕迹,
撕破腿衣,
角色兜帽,
大洗学园制服,
手部疤痕,
X形瞳孔,
络腮胡须,
不对称角,
波点头饰,
鳄鱼类尾巴,
星守护者_(英雄联盟),
调查兵团_(徽章),
棕色披肩,
鬼魂发饰,
灰色眼影,
绿色镶边,
圣葛罗莉安娜学园制服,
寿假面,
大洗_(徽章),
桑德斯学园制服,
安齐奥军服,
普拉夫达学园制服,
黑森峰军服,
团扇,
大洗军服,
桑德斯军服,
圣葛罗莉安娜军服,
圣葛罗莉安娜_(徽章),
展开腋下,
闪耀光环,
黑森峰校服,
德国国旗比基尼,
真理军服,
希卡族,
星光学园校服,
圣凯瑟琳之剑_(fate),
粉色毛衣背心,
脸部部分阴影,
笔灯_(荧光棒),
改装炮塔,
微博水印,
条纹腰带,
双马尾日,
可抓握丝带,
新月玫瑰,
兔花制服,
拿着荧光棒,
露娜诺瓦校服,
法西纳帽,
双色毛衣,
动物耳腿饰,
猫耳腿饰,
单吊袜带,
微博标志,
蓝色披肩,
马蹄铁饰品,
奇哈坦军服,
过小胸杯,
希望之峰学园校服,
美洲豹纹,
双面头饰,
胸部对接,
岛风_(舰これ)_(cosplay),
多彩领结,
深海舰船,
白色连体衣,
郁金香帽,
开胸毛衣,
传声管耳机,
心形锁_(舰队收藏),
宝石制服_(宝石之国),
黑色眼影,
侧剃发,
云纹身,
高可见度背心,
波伊球,
强人腰带,
机械手,
单机械手,
阴茎遮眼,
安齐奥_学园_制服,
钻石_耳环,
改装_(舰队收藏),
毛衣_夹克,
唇膏_戒指,
辣妹男,
锚_项圈,
德拉夫,
中国_发簪,
发根_(头发),
妖怪_(妖怪手表),
角_发带,
武器_箱,
竖条纹_背心,
尖刺_光环,
钻石_发饰,
喷墨族,
勇者_服装_(塞尔达传说),
喷溅射击_(斯普拉遁),
墨水_罐_(斯普拉遁),
黑暗_光环,
数字_印花,
印花_领结,
o型环_大腿带,
美洲豹_尾巴,
巡星丘_高校_制服,
幸福_光环,
圆桌之城_(Fate),
蝴蝶_瞳孔,
罗兹瓦尔_宅邸_女仆装,
锚_项链,
玩具有翼_独角兽,
黑豹_女孩,
反转_兔女郎装,
礼之带,
金色_手臂,
奥拉,
无_光环,
兔子_日,
秀尽_学园_制服,
系带_夹克,
男性_内裤_露出,
烟囱_发饰,
无边框_面板,
墨十月,
雄英_高校_制服,
v4x,
眼黑,
泳装_罩衫,
2016,
刺猬_男孩,
脸书_标志,
艾露恩,
阴茎_上的_口红_痕迹,
章鱼族,
斯普拉遁_鱿鱼喙,
橙色_护目镜,
帕特里恩_标志,
绘制的_耳朵,
紫色_巩膜,
帕特里恩_用户名,
北宇治_高校_制服,
黑色_腰包,
安布罗西亚_(迷宫饭),
多处_疤痕,
满身_疤痕,
瘟疫医生_面具,
自拍_杆,
浦之星_女子学院_制服,
哈温,
缝合_腿,
赛亚人,
百合丘_女子学院_制服,
黑桃皇后_符号,
汗湿_腋下,
超级赛亚人_蓝,
黑色_鳞片,
梦之魂,
貘_尾巴,
猴子_男孩,
猫耳_内裤,
猫咪_内衣,
梦之咲_学院_制服,
青柠_切片,
花栗鼠_耳朵,
无_眼罩,
压缩_衬衫,
黑色_披肩,
薮猫_图案,
六角形_图案,
鹿娘,
马镫_鞋,
棉甲,
脸颊_纱布,
迦勒底_标志,
迦勒底_制服,
不同_胸肌_尺寸,
条纹_领巾,
因克林_语言,
地球_(饰品),
紫色兜帽,
BC自由（校徽）,
恨之咆哮,
半身人,
螺旋桨发饰,
杰克灯挑战,
riyo_(lyomsnpmp)_(风格),
日帕里标记,
鲨鱼兜帽,
六胞胎,
腋下痣,
细剑（武器）,
蓝色兜帽,
灰色项圈,
启续学校制服,
墨卡（守望先锋）,
圣晶石（Fate）,
胸部绑带,
选拔大学军服,
启续军服,
半襟,
秀知院学园校服,
牙齿耳环,
麋鹿耳,
眼下宝石,
铁血工造,
红色条纹,
横须贺女子海洋学校制服,
双牙姬,
2017,
蝴蝶结耳环,
gumroad用户名,
单肩章,
异端私立高中制服,
绘制的胡须,
instagram用户名,
Z手环,
鬼灭之刃制服,
兔子状瞳孔,
Procreate（软件）,
闪电图案,
花咲川学校制服,
单耳罩,
露肩比基尼,
骷髅队,
不对称手臂,
2B（尼尔：自动人形）（cosplay）,
宜家鲨鱼,
玛修·基列莱特（危险野兽）（cosplay）,
Joy-Con,
任天堂Switch,
天舟玛安娜,
六角形发饰,
珍珠奶茶挑战,
格里芬与克鲁格军服,
心形饰品,
斯蒂尔制服,
水獭耳朵,
水獭尾巴,
贾帕里包子头,
颈部流苏,
泪滴耳环,
雪豹耳朵,
雪豹尾巴,
喷气孔,
金属发带,
企鹅尾巴,
腰封,
羽丘学园制服,
2018,
卡里尤希衬衫,
狛犬耳朵,
东方式龙尾,
虹咲学园制服,
璃奈酱板,
锁骨痣,
艾纪斯之剑_(异度神剑),
鲑鱼打工_(喷射战士),
硬币发饰,
独角兽玩偶,
instagram标志,
多绑带比基尼,
神滨大学附属学校制服,
摩托苏学园制服,
闪耀发饰,
篮球球衣,
危机管理形态_(马奇马佐),
源石技艺_(明日方舟),
多个蝴蝶结,
bc自由学园制服,
齐刘海,
手指爱心,
毛皮斗篷,
塞壬_(碧蓝航线),
连帽开衫,
格子发带,
破损光环,
点赞与转推,
特雷森学园制服,
原创比赛服_(赛马娘),
特雷森训练服,
耳朵发圈,
特雷森泳装,
行星发饰,
大腿创可贴,
2019,
单腿渔网袜,
加雷马修道院制服,
企鹅女孩,
啪啪,
鲨鱼图案,
融化光环,
巨型胸肌,
眼上痣,
源石病灶_(明日方舟),
带翼心形纹身,
侧上髻,
超级王冠,
项圈宝石,
浓密胡须,
花栗鼠女孩,
k/da_(英雄联盟),
拿着手铐,
露肩夹克,
出发未来_(赛马娘),
创可贴发饰,
全息服装,
核心水晶_(异度神剑),
鲨鱼发饰,
珠子项圈,
拟体_(泰坦陨落),
逆戟鲸兜帽,
药丸耳环,
恳求脸表情符号,
露肩连体泳装,
地雷系,
巴西国旗图案,
罗德岛标志_(明日方舟),
无侧连衣裙,
莱茵生命标志,
冠军制服,
极巨腰带,
耳链,
神里家_(纹章),
极巨化,
毛尖尾巴,
圣特蕾莎女子学院校服,
e.g.o_(project_moon),
胸毛簇,
环形健身环,
感染监视器_(明日方舟),
美少女战士重绘挑战_(迷因),
伊甸学园校服,
救生圈饰品,
星星贴纸,
hololive偶像制服_(原版),
神之眼_(原神),
2021,
月之森女子学院制服,
弓樱丘学园制服,
爱的灵气,
subscribestar用户名,
紫色光环,
夜鸦学院制服,
神场女子高校制服,
脖子咬痕,
彩色对话框,
宫益坂女子学院校服,
神山高校制服_(世界计划),
咒术高专制服,
黑色比基尼底裤,
fanbox用户名,
秀华高校制服,
稀疏肚脐毛,
游戏开发部_(蔚蓝档案),
稀疏胸毛,
holomyth,
运动衫女仆,
灰色光环,
问题解决68_(蔚蓝档案),
钻石发带,
浓密肚脐毛,
委托缩图,
双眼前方标记,
丝带耳环,
清心花,
多毛,
稀疏手臂毛,
智者长袍_(最终幻想14),
2023,
带翼光环,
羊头高校制服,
第四东高校制服,
银河探险队调查团制服,
精灵球_(传说),
2022,
矩形光环,
水蓝光环,
台场女子高校制服,
带刺耳环,
三一综合学园泳装,
大角,
推特脱衣游戏,
宝石发饰,
无想一心_(原神),
过多水印,
环形发束,
hololive议事会,
限制器_(九十九佐命),
链条头带,
黑色蒂亚拉,
愚人众外套,
hololive偶像制服_(bright),
米哈游嘉年华,
半透明兔女郎服,
肩部微露,
橙学园校服,
紫学园校服,
龙耳,
紫堇制服,
阿斯提卡西亚学校制服,
辣妹_v,
下北泽高中制服,
邦布_(绝区零),
缄默印记_(鸣潮),
东坦连衣裙,
千年学院啦啦队服_(蓝色档案),
结束乐团,
2024,
处女杀手毛衣,
莲之空校服,
人偶乐团,
泪滴瞳孔,
米拉克拉公园！,
布蕾克·布鲁姆_(鸣潮),
塞里斯花束,
推特X标志,
初星学园校服,
全球初音,
双色面纱,
高坂玉树,
柚原小乃美,
阿尔托莉雅·潘德拉贡_(Fate),
Saber_(Fate),
雏莓,
小牧万奈香,
园崎魅音,
水银灯,
莲_(月姬),
美杜莎_(Fate),
美杜莎_(rider)_(fate),
间桐樱,
卡莲·霍尔腾西亚,
芙兰朵露·斯卡蕾特,
橙,
八云紫,
尤莉卡_(eureka_seven),
2k酱,
me酱,
xp酱,
蒼星石,
翠星石,
八云蓝,
岛津义乃,
爱丽丝·玛格特洛依德,
雾雨魔理沙,
阿彻_(fate),
远坂凛,
阿尔奎德·布伦史塔德,
蕾米莉亚·斯卡蕾特,
十六夜咲夜,
藤堂志摩子,
铃仙·优昙华院·因幡,
八意永琳,
帕秋莉·诺蕾姬,
红美铃,
魂魄妖梦,
魂魄妖梦_(ghost),
西行寺幽幽子,
博丽灵梦,
贝尔丹迪,
艾诺,
真红,
坂上智代,
我的旋律,
福泽由美,
春日步,
库蕾·布莱克,
库蕾·怀特,
美墨凪沙,
雪城穗乃香,
希翁·埃尔特纳姆·阿特拉西亚,
远野秋叶,
藤原妹红,
蓬莱山辉夜,
上白泽慧音,
蓬莱人偶,
宇佐田光,
白法师_(final_fantasy),
库洛米,
,lunamaria_hawke
,hisui_(tsukihime)
,kohaku_(tsukihime)
,medea_(fate)
,ryougi_shiki
,yuuno_scrya
,inaba_tewi
,aerith_gainsborough
,kamio_misuzu
,sonozaki_shion
,illyasviel_von_einzbern
,cu_chulainn_(fate)
,cu_chulainn_(fate/stay_night)
,emiya_shirou
,fujimura_taiga
,lord_knight_(ragnarok_online)
,neco-arc
,minase_nayuki
,kooh
,hoshino_ruri
,rx-78-2
,zaku_ii
,yumizuka_satsuki
,kuga_natsuki
,kinomoto_sakura
,kinomoto_sakura_(magic_dream_costume)
,alice_(alice_in_wonderland)
,lily_white
,mystia_lorelei
,rumia
,wriggle_nightbug
,ryuuguu_rena
,kos-mos
,ayanami_rei
,inoue_orihime
,kan'u_unchou
,souryuu_asuka_langley
,high_priest_(ragnarok_online)
,houjou_satoko
,maebara_keiichi
,priest_(ragnarok_online)
,high_wizard_(ragnarok_online)
,morichika_rinnosuke
,konpaku_youki
,shanghai_doll
,haro
,minase_akiko
,tsukimiya_ayu
,katsuragi_misato
,fate_testarossa
高町奈叶,
远野志贵,
藤林杏,
罗尔_(洛克人),
波灵,
古手梨花,
希耶尔_(月姬),
克罗_(魔卡少女樱),
伊吹萃香,
霞_(死或生),
米尔·坎贝尔,
娜迪亚·拉·阿拉沃尔,
拉姆,
水手水星,
天上院明日香,
哈曼·卡恩,
金丝雀,
贝吉塔,
露娜萨·普莉兹姆河,
莉莉卡·普莉兹姆河,
梅尔兰·普莉兹姆河,
茵蒂克丝_(魔法禁书目录),
莉莉丝_(黑暗猎人),
碇真嗣,
ex-上白泽慧音,
赫拉克勒斯_(Fate),
大道寺知世,
岩仓玲音,
梅伊_(罪恶装备),
琪琪_(魔女宅急便),
珊_(幽灵公主),
朽木露琪亚,
黑崎一护,
凯蒂猫_(角色),
沙耶_(沙耶之歌),
阿斯兰·萨拉,
琪露诺,
小岩井四叶,
宫藤芳佳,
奇犽·揍敌,
小恶魔,
神绮_(东方),
阿莉娜_(勇者斗恶龙4),
贤者_(勇者斗恶龙3),
比安卡_(勇者斗恶龙5),
罗托_(勇者斗恶龙3),
玛雅_(勇者斗恶龙4),
冒险者_(最终幻想11),
艾特娜_(魔界战记),
芙隆妮,
吉尔伽美什_(Fate),
言峰绮礼,
阿拉斯托尔_(灼眼的夏娜),
夏娜,
蕾蒂·怀特洛克,
马里奥,
小红帽_(格林),
Saber·Alter,
蒂基_(火焰纹章),
蒂基_(幼)_(火焰纹章),
娜奥_(玛奇),
朝比奈实玖瑠,
娜可露露,
莉艾丝,
摩莉根·艾恩斯兰德,
蜘蛛侠,
蒂法·洛克哈特,
伊吹风子,
李小狼,
三千院凪,
色羽_(侍魂),
普林尼,
塞莉丝·谢尔,
绫音_(死或生),
苍崎青子,
巴洁特·弗拉加·麦金米兹,
卫宫切嗣,
伊吹_(街头霸王),
旗木卡卡西,
尤菲·如月,
迪奥·布兰度,
草薙素子,
布布_(马里奥),
尤瑞艾莉_(Fate),
斯忒诺_(Fate),
春丽,
迪茲_(罪恶装备),
莎恩可,
春日野樱,
肯·马斯特斯,
鞍驹驹吕·杰姆,
凯·基斯克,
隆_(街头霸王),
索尔·巴德盖,
月之子,
星,
桑尼米尔克,
雾雨魔理沙_(PC-98),
拉克丝·克莱因,
黑暗樱,
英格丽德_(卡普空),
夏亚·阿兹纳布尔,
古河渚,
冈崎朋也,
卡嘉莉·尤拉·阿斯哈,
四枫院夜一,
碎蜂,
贝德维尔_(Fate),
秋月律子,
天海春香,
双海亚美,
双海真美,
萩原雪步,
菊地真,
如月千早,
水濑伊织,
三浦梓,
高槻弥生,
哆啦A梦_(角色),
阿尔冯斯·艾尔利克,
梅闲,
爱德华·艾尔利克,
菲莉西亚_(Darkstalkers),
娜美_(海贼王),
不知火舞,
爱野美奈子,
小兔,
火野丽,
木野真琴,
水野亚美,
蒙奇·D·路飞,
水手木星,
水手火星,
水手月亮,
水手海王星,
水手土星,
水手天王星,
水手金星,
山治_(海贼王),
托尼托尼·乔巴,
月野兔,
尼古拉斯·D·沃尔夫伍德,
瓦什·史丹普,
迪吉可,
射命丸文,
松本乱菊,
博丽灵梦_(PC-98),
琪萝琪屍,
温莉·洛克贝尔,
小霞_(宝可梦),
初号机,
柴郡猫_(爱丽丝梦游仙境),
白兔_(爱丽丝梦游仙境),
菲欧·杰米,
布里奇特_(罪恶装备),
日向雏田,
卡蜜·怀特,
阿格莉亚·奥克斯,
水无明里,
山中井野,
奇诺_(奇诺之旅),
风见幽香,
漩涡鸣人,
小野塚小町,
四季映姬·亚玛萨那度,
纲手_(火影忍者),
奈斯_(母亲2),
天上乌塔娜,
梅蒂欣·梅兰克莉,
苏桑,
爱丽丝·玛格特洛依德_(pc-98),
娜菲鲁塔莉·薇薇,
山村贞子,
弐号机,
春野樱,
杰西卡·阿尔伯特,
妙蛙花,
直江陆希,
大妖精,
埃莉_(东方),
风见幽香_(pc-98),
北白川千百合,
玛丽贝尔·赫恩,
米玛_(东方),
冈崎梦美,
物之本灯子_(东方),
宇佐见莲子,
十六夜梦子_(东方),
战士_(勇者斗恶龙3),
圣诞老人,
手鞠_(火影忍者),
米莉亚·蕾姬,
海王满,
天王遥,
但丁_(鬼泣),
萨姆斯·艾兰,
里德哈特,
克劳德·史特莱夫,
萨菲罗斯,
文森特·瓦伦丁,
法利斯_谢尔威兹,
莉莉_布莱克,
皮卡丘,
小杰_佛里斯,
杰洛_采佩里,
空条_承太郎,
武藤游戏,
坂田银时,
樱木花道,
孙悟空,
尤娜_(ff10),
密特罗德_(生物),
绫里真宵,
巴迪什_(nanoha),
柊镜,
柊司,
泉此方,
宝_美幸,
优乃_(hidamari_sketch),
爱丽丝_卡罗尔,
一之濑琴美,
长门有希,
小智,
小遥_(pokemon),
路易丝_法兰西丝_勒布兰_德_拉瓦利埃尔,
阎魔爱,
格拉夫_艾森,
维塔_(nanoha),
菲特_泰斯塔罗莎_(闪电形态),
夏玛尔,
锡格娜姆,
鹿目圆,
史莱姆_(dragon_quest),
制作人_(idolmaster),
楠川笹良,
洛克曼.exe,
莉娜_因巴斯,
伊奇_(jojo),
让_皮埃尔_波鲁纳雷夫,
乔瑟夫_乔斯达,
乔瑟夫_乔斯达_(老年),
花京院典明,
穆罕默德_阿布多,
索尼克_刺猬,
白金之星,
土萌萤,
碧姬公主,
魔法红宝石,
风间阵,
八神疾风,
音无琴里,
蒂亚·格兰兹,
赤木茂,
usa酱_(偶像大师),
雷因菲尔斯,
P头制作人,
巴雷特·华莱士,
扎克斯·菲尔,
库拉·戴蒙德,
怪物猎人_(角色),
蛙太,
御坂美琴,
白井黑子,
普露二世,
妮可·罗宾,
莉莎·霍克艾,
罗伊·马斯坦,
林克,
塞尔达公主,
水箭龟,
施瓦特克鲁兹,
杜娟_(宝可梦),
乱马酱,
鹤屋,
神北小毬,
夏目凛,
能美库德莉亚芙卡,
齐藤春香,
来栖川有伊子,
卢克·冯·法布雷,
莱迪亚_(最终幻想4),
真崎杏子,
莫古力,
雷因菲尔斯二世,
戈薇,
人造人18号,
黑魔导少女,
库巴,
加农多夫,
路易吉,
马萨尔_(火焰纹章),
超梦,
罗伊_(火焰纹章),
希克,
少年林克,
小刚_(宝可梦),
蒂娜·布兰福德,
罗尔·卡斯特_(洛克人),
蕾娜·夏洛特·泰昆,
托德_(马里奥),
特隆_邦妮_(洛克人),
麻宫_雅典娜,
绿_(宝可梦),
琳_(火焰纹章),
宇智波_佐助,
泰斯特门特_(罪恶装备),
维黛尔,
巴克比德,
洛克人_(角色),
露娜布洛克_公主,
巴克贝亚科_(托罗亭),
尤莉娅_(火焰纹章),
真琴_(街头霸王),
成步堂_龙一,
御剑_怜侍,
蕾薇_(黑礁),
布尔玛,
比克,
孙悟饭,
特兰克斯_(龙珠),
特兰克斯_(未来)_(龙珠),
阿尔勒_娜杰,
羽入,
沙奈朵,
牧师_(勇者斗恶龙3),
擎天柱,
渚_薰,
橙_(猫),
凉宫_春日,
巴兹_克劳泽,
阿姆罗_雷,
水手_小月亮,
吉尔_瓦伦丁,
酷拉皮卡,
特瑞_波加德,
神乐_(银魂),
孙悟空,
食人花,
罗杰_(罪恶装备),
桂_雏菊,
卡缪_维丹,
珊璞_(乱马1/2),
阿虚,
凯莉_(王国之心),
小泉_一树,
朝仓_凉子,
索拉_(王国之心),
肉桂狗,
卡比,
瓦德尔迪,
小次郎_(宝可梦),
喵喵_(宝可梦),
八神太一,
小火龙,
胖丁,
梦幻_(宝可梦),
可达鸭,
电龙,
大灰狼,
桑吉尔夫,
灰原哀,
上条当麻,
一方通行_(魔法禁书目录),
最后之作_(魔法禁书目录),
御坂妹妹,
天照_(大神),
格斯_(剑风传奇),
神月花凛,
普优_(普尤普尤),
奇鲁莉安,
拉鲁拉斯,
乔鲁诺·乔巴纳,
西连寺春菜,
莉安娜·海德兰,
稗田阿求,
莫德雷德_(Fate),
宫子_(阳光姐妹谭),
金刚狼_(X战警),
克林,
胡桃_(宝可梦),
琪琪_(龙珠),
风间明日香,
逢坂大河,
哥斯拉,
罗罗诺亚·索隆,
乌索普,
冲田总悟,
坂本美绪,
十字刺客_(仙境传说),
波克比,
姬宫安緋,
孙悟天,
坂崎由里,
弗兰奇_(海贼王),
琳妮特·毕晓普,
米娜-迪特琳德·威尔克,
佩兰·H·克洛斯特曼,
零(Z)_(洛克人),
零_(洛克人),
X_(洛克人),
妖精利维坦_(洛克人),
维吉尔_(鬼泣),
拉拉·萨塔琳·戴比路克,
凯撒·安东尼奥·采佩利,
乔瑟夫·乔斯达_(年轻),
卡兹_(JOJO),
罗克萨斯,
艾尔_(洛克人ZX),
妮妮安_(火焰纹章),
蝙蝠侠,
夏尔米_(拳皇),
早乙女乱马,
天道茜,
海马濑人,
黑暗游城,
彩虹美嘉,
莉诺亚·哈特雷,
嘉妮特·蒂尔·亚历山德罗斯十七世,
艾希莉·格雷厄姆,
卢卡斯_(大地之子3),
犬夜叉,
杰克霜_(真女神转生),
桐条美鹤,
伊织顺平,
岳羽由加莉,
结城理_(女神异闻录3),
山岸风花,
玩家角色_(魔兽世界),
皮特_(光神神话),
艾吉斯_(女神异闻录),
爱丽丝菲尔·冯·爱因兹贝伦,
真田明彦,
潘_(龙珠),
波森_(街头霸王),
赫萝,
伊丽莎白_(女神异闻录),
黄色皮克敏,
亚瑟·潘德拉贡_(Fate),
艾达·王,
埃里卡·哈特曼,
夏洛特·E·耶格尔,
桑尼亚·V·利特维亚克,
弗朗切丝卡·卢奇尼,
俊希_(宝可梦),
里昂·S·肯尼迪,
凪_(神薙),
皮丘,
索利德·蛇,
安琪儿_(拳皇),
莉莉_(铁拳),
星井美希,
荒垣真次郎,
娜维,
小光_(宝可梦),
波加曼,
喵喵,
红月卡莲,
妙蛙种子,
火球鼠,
火稚鸡,
烈咬陆鲨,
八神光,
小磁怪,
拉普拉斯,
鲁路修·vi·布里塔尼亚,
C.C.,
喷火龙,
爱心鱼,
结城美柑,
枢木朱雀,
尤菲米娅·李·布里塔尼亚,
齐达·崔贝尔,
克洛克达尔_(海贼王),
火焰猫燐,
超级索尼子,
火暴兽,
娜娜莉·vi·布里塔尼亚,
我妻由乃,
耿鬼,
雪妖女,
克里斯_(宝可梦),
弗兰肯斯坦的怪物,
艾希莉_(瓦里奥仓库),
岸边露伴,
黛西公主,
萨格·雷奥哈特,
卡洛·鲁·卢舍,
中岛昴,
蒂亚娜·兰星,
水无月卡莲,
卡通林克,
瓦利欧,
远坂时臣,
雨生龙之介,
韦伯·维尔维特,
米德娜,
星际战士,
卡米那_(ttgl),
西蒙_(ttgl),
尤可·利特娜,
弗兰兹卡·冯·卡玛,
贝伦卡斯泰露,
日奈森亚梦,
水跃鱼,
迪尔姆德·乌·迪布涅_(枪兵)_(Fate),
伊斯坎达尔_(Fate),
阿萨辛_(Fate/Zero),
克里斯·雷德菲尔德,
伊布,
乔尼·乔斯达,
间桐雁夜,
间桐樱_(Fate/Zero),
井浪真昼,
谷岛胡桃,
江户川柯南,
小茂_(宝可梦),
哈莉·奎茵,
梦原望,
川岛亚美,
布鲁诺·布加拉提,
纳兰西亚·吉尔加,
秋元小町,
百变怪,
走路草,
布鲁克_(海贼王),
原村和,
京子,
春日野宇良良_(Yes！光之美少女5),
拉塞伊_(火焰纹章),
梦之美少女,
天使兽,
布塔_(天元突破红莲螺岩),
猫娘,
金色闇,
银_(漆黑之契约者),
妮雅·泰佩林,
河城荷取,
黑_(漆黑之契约者),
秋穰子,
宫永咲,
秋静叶,
右代宫真莉亚,
维维欧,
夏侬_(海猫鸣泣之时),
糸色望,
狂战士_(Fate/Zero),
吉尔·德·雷_(Caster)_(Fate),
肯尼斯·艾尔梅洛伊·阿其波卢德,
神绮山雏,
希罗娜_(宝可梦),
夏目京介,
佩罗娜,
塞特纳·F·塞耶,
蒂耶利亚·厄德,
初音未来,
犬走椛,
东风谷早苗,
泄矢诹访子,
八坂神奈子,
皮翁太,
右代宫朱志香,
右代宫战人,
拉帝亚斯,
空条徐伦,
吉良吉影,
圭多·米斯达,
普罗修特,
雷欧内·阿帕基,
利萨托·尼罗,
特里休·乌娜,
潘纳科塔·佛戈,
雷电·法隆,
贝阿朵莉丝,
马斯特,
塞壬,
米卡雅,
艾克,
塞莉卡,
依丽莎,
塞菲尔,
卷卷耳,
芽衣子,
米娅,
伊藤开司,
棱镜依莉雅,
七夕青鸟,
太阳伊布,
梦妖,
乌波,
菲露特·格蕾丝,
界音,
光,
圆月,
杰尼龟,
帕奇利兹,
古手川唯,
雷丘,
俄罗斯,
镜音铃,
泰尔斯,
秋田音流,
辛萨克,
洛奇亚,
奥卡米斯蒂,
猫猫,
镜音连,
乌贼娘,
火伊布,
雷伊布,
水伊布,
罗莎琳娜,
兰卡·李,
早乙女阿尔托,
雪莉露·诺姆,
阿波罗·正义,
戈杰塔,
贝吉特,
弱音哈库,
绵津见丰姬,
绵津见依姬,
小茂,
黑岩射手,
安娜_(火焰纹章),
琴莉_(宝可梦),
飘飘球,
赤红_(宝可梦),
耀西,
玛力露丽,
兰姆达戴尔塔,
六尾,
蓝皮克敏,
路卡利欧,
玛卡·阿尔巴恩,
奥利玛,
紫皮克敏,
红皮克敏,
如月阵,
诺艾尔·维米利昂,
帕露忒娜,
拉格纳·血之刃,
三家寺,
暴鲤龙,
鲤鱼王,
墨塔骑士,
梦妖魔,
艾丝蒂尔·西多斯·海鲁赛因,
代代德大王,
黄_(宝可梦),
里中千枝,
天城雪子,
东方仗助,
鸣上悠,
乔纳森·乔斯达,
艾莎·兰达,
蕾娜·艾琳黛尔,
月亮伊布,
佐天泪子,
初春饰利,
皮皮,
游城十代,
铃仙·优昙华院·因幡_(东方望月抄),
冰伊布,
平泽忧,
骑拉帝纳,
露西·哈特菲利亚,
艾尔莎·斯卡蕾特,
娜姿_(宝可梦),
克兰·克莱因,
草苗龟,
巴利_(宝可梦),
重音特托,
战场原黑仪,
睡梦兽,
艾路雷朵,
大吾,
塞尔瓦莉亚·布蕾丝,
莫莫·贝利亚·戴比路克,
高须龙司,
美国_(黑塔利亚),
中国_(黑塔利亚),
法国_(黑塔利亚),
日本_(黑塔利亚),
普鲁士_(黑塔利亚),
英国_(黑塔利亚),
火焰鸡,
真希波·玛丽·伊路露斯多,
美国队长,
风速狗,
路马_(马里奥),
长耳兔,
木守宫,
沙漠蜻蜓,
阿勃梭鲁,
女暗杀者_(命运之夜零),
花村阳介,
莉莉安·卢希芬·德·奥地利,
玛狃拉,
黑谷山女,
比那名居天子,
永江衣玖,
星熊勇仪,
琪斯梅,
水桥帕露西,
纳克尔斯,
八九寺真宵,
久慈川理世,
小初音,
巧克力_(猫咪乐园),
香草_(猫咪乐园),
神威乐普,
辰巳菅次,
白钟直斗,
熊_(女神异闻录4),
莉塔·莫迪欧,
蓝莓,
十六夜秋,
翼海鸥,
基拉祈,
不动游星,
堂岛菜菜子,
雪拉比,
格尔德鲁德·巴克霍恩,
艾拉·伊尔玛塔尔·尤蒂莱宁,
波特卡斯·D·艾斯,
死之魔女,
亲吻射击·阿塞罗拉·猎户座·心下之刃,
忍野忍,
羽川翼,
肥皂_(现代战争2),
美游·艾德费尔特,
美游·艾德费尔特_(魔法少女),
红蝙蝠,
艾米·罗斯,
谢米,
大主教_(仙境传说),
莉莉Saber,
尤迪丝_(破晓传说),
妮卡·爱德瓦丁·卡塔亚宁,
小银_(宝可梦),
四条贵音,
我那霸响,
足立透,
灵乌路空,
叶伊布,
梦妖,
古明地恋,
古明地觉,
诅咒娃娃,
菊草叶,
快龙,
大尾立,
凤王,
拉帝欧斯,
美纳斯,
烈空坐,
利欧路,
洛托姆,
卡比兽,
小锯鳄,
火焰猫磷_(猫),
灵乌路空_(鸟),
右代宫安杰,
尤里·洛威尔,
瑞雯_(dc),
布蕾兹猫,
死侍,
雷文_(tales),
特拉法尔加·D·瓦特·罗,
广濑康一,
虹村亿泰,
金_(宝可梦),
森岛遥,
波雅·汉库克,
棚町薰,
七咲逢,
绫辻司,
贝优妮塔,
竹井寿,
陶可卡卡,
拉切尔·阿鲁卡朵,
希昂_(王国之心),
迪亚波罗,
普鲁西_(星月_(晴月)),
莉莎莉莎,
汉娜·尤斯蒂娜·马赛尔,
夏尔·凡多姆海恩,
山田葵,
阿库娅_(王国之心),
龙_(宝可梦),
福寺美穗子,
迪奥·布兰度,
樱花初音未来,
恩奇都_(fate),
Wii Fit教练,
Wii Fit教练_(女性),
治疗桃,
风丸一郎太,
秋山澪,
琴吹紬,
中野梓,
田中律,
藤和绘梨央,
宇田音歌,
钢铁侠,
巡音流歌,
托尼·斯塔克,
桃园爱,
努-13,
诺克提斯·卢西斯·凯厄姆,
青野美纪,
山吹祈里,
阿良良木历,
织部弥砂,
伊丝_(新鲜光之美少女！),
东设娜,
高坂桐乃,
章鱼露卡,
赤座灯,
船见结衣,
岁纳京子,
吉川千夏,
荒垣绫濑,
高坂京介,
索尼娅_(请杀了我吧),
纳兹琳,
云居一轮,
多多良小伞,
云山,
诺伊_(泥龟),
伊芙_(艾尔剑),
影子刺猬,
史蒂夫·罗杰斯,
平泽唯,
真锅诺多卡,
艾斯贝尔·赫恩特,
中村由里,
赛车美九,
多弗朗明哥,
小樱_(宝可梦),
神原骏河,
千石抚子,
阿良良木火怜,
阿良良木月火,
熊耳GUMI,
水谷绘梨,
秋月凉,
光之战士_(最终幻想14),
君主·埃尔梅洛伊二世,
七奈耶真琴,
晒黑琪露诺,
古户英梨卡,
谢莉亚·巴恩斯,
铃木纯,
五更琉璃,
克洛伊·冯·爱因兹贝伦,
克洛伊·冯·爱因兹贝伦_(弓兵安装),
索菲_(Tales),
黑羽川,
姫岛朱乃,
莉亚丝·格雷莫里,
洁诺薇亚·魁札,
圣白莲,
封兽鵺,
村纱水蜜,
虎丸憧,
潮见琴音,
小早川凛子,
姫越菜菜,
牧濑红莉栖,
冈部伦太郎,
椎名真由理,
菲莉亚_(Skullgirls),
萨姆森_(Skullgirls),
古谷向日葵,
阿弗罗·辉美,
凯妮_(尼尔),
尤尔特拉·罗尔,
韩珠莉,
尼禄·克劳狄乌斯_(Fate),
尼禄·克劳狄乌斯_(Fate/Extra),
玉藻_(Fate),
玉藻前_(Fate/Extra),
魔法师_(Ragnarok Online),
珊泰,
亚丝娜_(SAO),
塞西莉亚·奥尔科特,
SF-A2蜜姬,
界·雪,
立华奏,
斧乃木余接,
相生祐子,
长野原澪,
东云奈奈,
强度_(黑岩射手),
结衣_(Angel Beats!),
日向英树,
音无结弦,
爱丽丝·卡尔泰莱,
Cure·花开,
Cure·海洋,
花咲蕾,
胡桃艾莉卡,
岸浪白野_(女),
仙台博丽巫女,
雪美库,
折原临也,
园原杏里,
三日月夜空,
柏崎星奈,
幽灵_(现代战争2),
阿里萨·伊琳尼奇娜·阿米埃拉,
月光,
月影百合,
索罗亚,
大室樱子,
姬海棠羽立,
羽濑川小鳩,
明堂院五月,
奈亚拉提普_(奈亚子),
杉浦绫乃,
冒险者_(FF14),
托托莉亚·赫尔蒙特,
瓦伦丁_(杀戮都市),
初音未来_(Append),
托奇_(宝可梦),
阳光,
紫心_(新佩斯),
潘蒂_(PSG),
史黛金_(PSG),
水水獭,
藤藤蛇,
暖暖猪,
希尔达_(宝可梦),
夹克女孩_(DIPP),
莱希拉姆,
海王星_(新佩斯),
黑心_(新佩斯),
诺瓦_(新佩斯),
薇尔特_(新佩斯),
布兰_(新佩斯),
梅莉亚·安缇诺拉,
桐人,
N_(宝可梦),
莉法_(SAO),
切伦_(宝可梦),
萨博_(海贼王),
白金三连,
修尔克_(异度),
贝尔_(宝可梦),
魔王_(魔王勇者),
茨木华扇,
卢卡斯·李,
诗乃,
电飞鼠,
莉莎_(宝可梦),
育儿谣_(Fate),
艾伦·耶格尔,
巨人_(进击的巨人),
裙儿藏,
莉娜,
明明屋,
烛光灵,
风露_(宝可梦),
卡蜜_(宝可梦),
风妖精,
王牌龙,
格雷斯雷_(宝可梦),
弦卷真希,
英_(宝可梦),
拉克丝_(英雄联盟),
膝袜_(PSG),
英都_(宝可梦),
雾切响子,
晓美焰,
晓美焰_(魔法少女),
鹿目圆_(魔法少女),
矢泽妮可,
小泉花阳,
西木野真姬,
高坂穗乃果,
绚濑绘里,
南波鸟,
园田海未,
美树沙耶香,
美树沙耶香_(魔法少女),
巴麻美,
巴麻美_(魔法少女),
富士见千寻,
苗木诚,
莉兹姆,
南野奏,
美乐蒂,
腐川冬子,
蛇丛野音梦,
裘德·马西斯,
米拉·麦提司,
塞蕾丝蒂亚·罗登贝鲁克,
朝日奈葵,
阿卡丽,
伊芙琳_(英雄联盟),
娑娜_(英雄联盟),
卡特琳娜_(英雄联盟),
法条响,
黑白熊,
丘比,
江之岛盾子,
战刃骸,
舞园沙耶香,
厄运小姐_(英雄联盟),
索拉卡_(英雄联盟),
夏洛特·杜诺米斯,
劳拉·博德维希,
保登心爱,
香风智乃,
天々座理世,
提比_(珈琲兔),
夏洛特_(魔法少女小圆),
佐仓杏子,
佐仓杏子_(魔法少女),
九条可憐,
桐生兰丸,
松风天马,
神藤拓人,
黑川艾莲,
爬行者,
奥克塔维娅·冯·塞肯多夫,
究极小圆,
由比滨结衣,
雪之下雪乃,
摩尔ジア娜,
安城鸣子,
星空凛,
东条希,
凯特琳_(英雄联盟),
调贝芥子,
卡莉娜·莉尔,
黄宝铃,
本间芽衣子,
伊万·卡雷林,
巴纳比·布鲁克斯二世,
鏑木·T·虎彻,
里丹京子,
宫古芳香,
斑鸠_(战国兰格鲁),
涅普吉亚,
云雀_(战国兰格鲁),
米卡莎·阿克曼,
基思·古德曼,
亚丝娜_(刀剑神域_ALO),
优纪_(刀剑神域),
科尔拉,
艾琳,
食蜂操祈,
麻霞_(战国魔神),
亚马逊_(龙之皇冠),
魔女_(龙之皇冠),
楪祈,
东方定助_(柔软与湿润),
小猫_(重力眩晕),
高仓阳姬,
IA_(VOCALOID),
东北想子,
阿尔敏·阿尔莱特,
莉兹贝丝_(刀剑神域),
丰聪耳神子,
二岩真瓢,
霍青娥,
物部布都,
苏我屠自古,
优妮_(海王星),
诗尤,
瑞树雪风,
尼禄·克劳狄乌斯_(新娘)_(Fate),
刈谷正树,
BB_(Fate),
BB_(Fate/Extra),
Saber Alter_(第三再临),
木下蕾,
锐雯_(英雄联盟),
伊丽莎白·巴托莉_(Fate),
伊丽莎白·巴托莉_(Fate/Extra CCC),
阿狸_(英雄联盟),
开膛手杰克_(Fate/Apocrypha),
榎乃缘_(蛍火之蛾),
贞德_(Fate),
贞德_(裁定者)_(Fate),
高文_(Fate),
赛米拉米斯_(Fate),
马格奥尔,
米娅_(怪物娘的日常),
斯奎格莉_(骷髅少女),
风鸣翼,
阿塔兰忒_(Fate),
阿斯托尔福_(Fate),
迦尔纳_(Fate),
弓月由加莉,
桐间沙路,
宇治松千夜,
快乐天使,
星空美幸,
和平天使,
黄濑弥生,
三月天使,
绿川直,
向日葵天使,
日野茜_(光之美少女Smile！),
青木礼花,
美丽天使,
时崎狂三,
千反田绘瑠,
折木奉太郎,
美村加奈子,
二叶杏,
岛村卯月,
安妮·莱昂哈特,
克里斯塔·伦茨,
萨夏·布劳斯,
弗兰肯斯坦的怪物_(Fate),
三船美优,
涩谷凛,
小鸟游六花,
丹生谷志伽,
龙崎薰,
高藤香子,
神谷奈绪,
小日向美穗,
佐佐木千绘,
十木爱梨,
五十岚京子,
本田未央,
大槻唯,
市原仁奈,
宫本弗蕾德莉卡,
城崎莉嘉,
神崎兰子,
多田李衣菜,
诸星きらり,
向井拓海,
城崎美嘉,
娜塔莉亚_(偶像大师),
姫川友纪,
佐城雪美,
前川未来,
日野茜_(偶像大师),
相叶夕美,
小早川纱枝,
樱井桃华,
白坂小梅,
高垣枫,
越水真子,
绪方千绘里,
赤城美里亚,
高森爱子,
北条加莲,
立花响_(战姬绝唱symphogear),
洛天依,
小日向美来,
雪音克里斯,
长瀞早濑,
仙川千寻,
小樱玛莉,
濑户幸介,
黑木智子,
忍野扇,
埼玉_(一拳超人),
如月桃,
如月伸太郎,
阿部菜奈,
克隆_(火焰纹章),
娑拉_(英雄联盟),
莱纳·布劳恩,
暗黑皮特,
露琪娜_(火焰纹章),
诺欧_(火焰纹章),
玛丽_(ib),
朝比奈木叶_(烟雾侦探),
鹿野修也,
立山绫乃,
加里_(ib),
伊布_(ib),
蒂奇_(成年)_(火焰纹章),
奈特_(宝可梦),
罗莎_(宝可梦),
霍米卡_(宝可梦),
及川雫,
盐见周子,
罗宾_(女性)_(火焰纹章),
罗宾_(火焰纹章),
纏_(pso2),
利威尔_(进击的巨人),
瑟拉_(火焰纹章),
罗宾_(男性)_(火焰纹章),
新田美波,
七海千秋,
夏目舞衣,
佐久间真由,
莱妮丝·埃尔梅洛伊·阿奇斯托特,
梅林_(Fate),
摩根_(火焰纹章),
亚丽莎·祖伯尔,
梦乃美_(弹丸论破),
秋山优花里,
五十铃华,
西住美穗,
冷泉真子,
武部沙织,
西园寺日寄子,
罪木蜜柑,
狛枝凪斗,
速水奏,
贝特霍尔德·胡佛,
凸守早苗,
日向创,
小泉真昼,
九头龙冬彦,
澪田唯布,
边古山佩可,
左右田和一,
索尼亚·内维尔明,
田中眼蛇梦,
安室透,
桐谷直叶,
星硝子,
安吉拉·巴尔扎克,
坂田金时_(Fate),
夕日_(闪乱卡格拉),
角谷杏,
小山柚子,
鎌倉一弦,
村民_(动物森友会),
本居小铃,
川岛桃,
矶部典子,
近藤妙子,
达尔杰林_(少女与战车),
橙伯爵_(少女与战车),
艾尔温_(少女与战车),
星宫一果,
片桐早苗,
森久保乃乃,
立花爱莉丝,
凯撒_(少女与战车),
泽梓,
山后步,
坂口香里奈,
宇津木优希,
伊莎贝尔_(动物森友会),
阿萨姆_(少女与战车),
凯_(少女与战车),
娜欧米_(少女与战车),
爱丽莎_(少女与战车),
安丘比_(少女与战车),
卡秋莎_(少女与战车),
诺娜_(少女与战车),
西住真穗,
逸见艾莉卡,
吹雪_(一拳超人),
龙卷,
鲁库丽丽_(少女与战车),
西住志穗,
北白川玉子,
相田爱,
爱之奇迹,
剑之希望,
菱川六花,
剑崎真琴,
香凪敦子,
舒可·曼巴瓦兰,
霞之丘诗羽,
摩根·勒菲_(Fate),
帕森莉普_(Fate),
四叶爱丽丝,
桐谷爱,
蔚_(英雄联盟),
阿拉·哈恩,
美尔特莉莉丝_(Fate),
尤弥尔_(进击的巨人),
贞德_(碧蓝幻想),
莫德雷德_(Fate/Apocrypha),
莫德雷德_(特里法斯回忆)_(Fate),
星野_(少女与战车),
波子_(少女与战车),
汉吉·佐耶,
泽村·斯潘塞·惠理,
格里姆_(火焰纹章),
火狐狸,
塞蕾娜_(宝可梦),
卡洛姆_(宝可梦),
雪村葵,
安娜斯塔西亚_(偶像大师),
堀裕子,
齐格_(Fate),
佐仓千代,
瓶子初音未来,
凡比,
仙子伊布,
丰川风花,
露比·罗丝,
托多由里卡,
薇丝·史尼,
中谷郁,
苏枭桃子,
赤星小梅,
高坂海美,
卡帕乔_(少女与战车),
布蕾克·贝拉多娜,
杨·小龙,
箱崎星霞,
横山直绪,
早坂美玲,
所惠美,
岛原艾莲娜,
芭芭小乃美,
伊吹翼,
加藤惠,
神秘女主角X_(Fate),
汉斯·克里斯蒂安·安徒生_(Fate),
黛安娜·卡文迪许,
比企谷八幡,
杀生院祈荒,
望月杏娜,
雷吉娜_(心跳！光之美少女),
赤城_(舰队收藏),
吹雪_(舰队收藏),
春日未来,
北泽志保,
真壁瑞希,
最上静香,
七绪由里子,
佐竹美奈子,
田中琴叶,
凉风青叶,
黑铁兰,
幡御灵,
天龙_(舰队收藏),
最上_(舰队收藏),
加贺_(舰队收藏),
榛名_(舰队收藏),
提督_(舰队收藏),
岛风_(舰队收藏),
飞龙_(舰队收藏),
纯白,
鬼龙院皐月,
纟纟龙虎,
战栗,
赤蛮奇,
千户_(少女终末旅行),
尤莉_(少女终末旅行),
结城晴,
鸫泽文香,
超级波奇,
雪风_(舰队收藏),
今泉影狼,
若狭姬,
西绮浓世,
龙田_(舰队收藏),
爱宕_(舰队收藏),
妖精_(舰队收藏),
陆奥_(舰队收藏),
摩耶_(舰队收藏),
阿基里斯_(Fate),
天龙_(舰队收藏),
薙切绘里奈,
北上_(舰队收藏),
大井_(舰队收藏),
金刚_(舰队收藏),
羽黑_(舰队收藏),
连装炮酱,
长门_(舰队收藏),
晓_(舰队收藏),
雷_(舰队收藏),
涼风_(舰队收藏),
村云_(舰队收藏),
潮_(舰队收藏),
扶桑_(舰队收藏),
山城_(舰队收藏),
泷本日富美,
五十铃_(舰队收藏),
夕张_(舰队收藏),
瑞凤_(舰队收藏),
错误娘,
龙骧_(舰队收藏),
隼鹰_(舰队收藏),
文月_(舰队收藏),
电_(舰队收藏),
雾岛_(舰队收藏),
小男孩提督_(舰队收藏),
祥凤_(舰队收藏),
玉_(舰队收藏),
鸟海_(舰队收藏),
三隈_(舰队收藏),
Wo级航空母舰,
宫雪_(舰队收藏),
瑞鹤_(舰队收藏),
妙高_(舰队收藏),
艾蕾西亚_(艾尔索德),
神通_(舰队收藏),
玛利亚_卡登扎芙娜_伊芙,
加古_(舰队收藏),
晓切里香,
月读调,
比睿_(舰队收藏),
大麻守伊吕波,
入间多凤架,
早乙女宇都,
长月_(舰队收藏),
五月雨_(舰队收藏),
北上改二_(舰队收藏),
大井改二_(舰队收藏),
初春_(舰队收藏),
黑潮_(舰队收藏),
那智_(舰队收藏),
球磨_(舰队收藏),
T头提督,
木曾_(舰队收藏),
游佐梢江,
初雪_(舰队收藏),
凤翔_(舰队收藏),
大淀_(舰队收藏),
千岁_(舰队收藏),
那珂_(舰队收藏),
白雪_(舰队收藏),
响_(舰队收藏),
川内_(舰队收藏),
翔鹤_(舰队收藏),
古鹰_(舰队收藏),
祢々比_(舰队收藏),
雷格_(来自深渊),
足柄_(舰队收藏),
千代田_(舰队收藏),
阳炎_(舰队收藏),
不知火_(舰队收藏),
敌方飞机_(舰队收藏),
皐月_(舰队收藏),
日向_(舰队收藏),
飞鹰_(舰队收藏),
阿武隈_(舰队收藏),
鲁级战列舰,
失败企鹅,
云小姐,
涟_(舰队收藏),
太级战列舰,
奇级鱼雷巡洋舰,
大潮_(舰队收藏),
衣笠_(舰队收藏),
舞风_(舰队收藏),
钻石_(宝石之国),
伊-168_(舰队收藏),
岚_(舰队收藏),
时雨_(舰队收藏),
女提督_(kancolle),
真宫寺_(kancolle),
苍龙_(kancolle),
伊级驱逐舰,
伊58_(kancolle),
满潮_(kancolle),
大和_(kancolle),
苏库娜神明丸,
利型重巡洋舰,
咚咚鼠,
利根_(kancolle),
敷波_(kancolle),
冲田总司_(fate),
冲田总司_(koha-ace),
五十岚凛子,
伊势_(kancolle),
筒墨边边,
鬼人正邪,
堀川雷鼓,
筒墨八桥,
熊野_(kancolle),
朧_(kancolle),
霰_(kancolle),
村雨_(kancolle),
由良_(kancolle),
筑摩_(kancolle),
霞_(kancolle),
矶波_(kancolle),
伊19_(kancolle),
铃谷_(kancolle),
朝潮_(kancolle),
武藏_(kancolle),
雾岛董香,
皮尔哈·尼克斯,
睦月_(kancolle),
如月_(kancolle),
菊月_(kancolle),
魔法未来初音未来,
望月_(kancolle),
琪亚娜·卡斯兰娜,
玉藻猫_(fate),
百枝凪紗,
名取_(kancolle),
曙_(kancolle),
满汉色真子,
的场理沙,
维尔尼_(kancolle),
磷叶石,
狐狸焰,
三日月_(kancolle),
青叶_(舰队收藏),
长良_(舰队收藏),
绫波_(舰队收藏),
初风_(舰队收藏),
鬼怒_(舰队收藏),
阿斯托尔福_(水手帕拉丁)_(Fate),
阿库娅_(为美好的世界献上祝福),
佐藤和真,
岛风君,
金克斯_(英雄联盟),
白露_(舰队收藏),
夕立_(舰队收藏),
若叶_(舰队收藏),
侠客蛙,
夕立改二_(舰队收藏),
那珂改二_(舰队收藏),
初霜_(舰队收藏),
非人类提督_(舰队收藏),
黏黏宝,
mega沙奈朵,
夕云_(舰队收藏),
怪女_(宝可梦),
雾泽十三_(角色),
兔子雪音,
卷云_(舰队收藏),
时雨改二_(舰队收藏),
喵姆,
惠惠,
云云_(为美好的世界献上祝福),
恶魔焰,
谭雅·提古雷查夫,
秋云_(舰队收藏),
明石_(舰队收藏),
能代_(舰队收藏),
阿贺野_(舰队收藏),
机场公主,
金刚改二_(舰队收藏),
伊-8_(舰队收藏),
战列舰公主,
玛莉·罗斯,
雅儿贝德_(OVERLORD),
伊-401_(舰队收藏),
矢矧_(舰队收藏),
长波_(舰队收藏),
神风_(舰队收藏),
爱乃芽郁,
奇迹拉布莉,
白雪姬,
川上麻衣,
佩珀罗尼_(少女与战车),
大森优子,
衣笠改二_(舰队收藏),
针目缝,
木曾改二_(舰队收藏),
星宫凯特,
艾莎_(冰雪奇缘),
安娜_(冰雪奇缘),
二之宫明日香,
大凤_(舰队收藏),
丸由_(舰队收藏),
秋津洲丸_(舰队收藏),
敌海军水雷_(舰队收藏),
秋津洲丸改_(舰队收藏),
泉沙雾,
山田精灵,
神通改二_(舰队收藏),
川内改二_(舰队收藏),
卯月_(舰队收藏),
弥生_(舰队收藏),
拉姆雷萨尔_瓦伦泰因,
一之濑志希,
佐藤心,
达克妮丝_(为美好的世界献上祝福),
Z1_莱贝雷希特_马斯_(舰队收藏),
Re级战列舰,
俾斯麦_(舰队收藏),
Z3_马克斯_舒尔茨_(舰队收藏),
仙都伊澄,
滨风_(舰队收藏),
大空明里,
城贺麻耶,
夏惠,
雷电芽衣,
成人_海王星,
天冲风_(舰队收藏),
封莲矢衾,
烟乐津羽仓,
连装炮改二君,
港湾公主,
神尾礼二_(YUA),
利根改二_(舰队收藏),
孤岛鬼,
酒匂_(舰队收藏),
谷风_(舰队收藏),
影山茂夫,
沙塔妮西亚_胡桃泽_麦克道尔,
智界_(游戏人生),
大阪雫,
红水母_(饼干跑),
浦风_(舰队收藏),
柊_柚子,
奥兹曼迪亚斯_(fate),
五十岚_京_(eroe),
音仓_优希,
寄田_吉乃,
托尔_(maidragon),
大鲸_(kancolle),
龙凤_(kancolle),
加尔子,
一色_伊吕波,
喷墨女孩,
喷墨玩家角色,
界塚_伊奈帆,
猎人_(bloodborne),
格兰_(granblue_fantasy),
真中_拉拉,
金木_研,
斯莱因_特洛亚德,
星野_富米奈,
鲁迪乌斯_格雷拉特,
榛名_改二_(kancolle),
布洛妮娅_扎伊切克,
霍姆_(honkai_impact),
玛修_基列莱特,
玛修_基列莱特_(亚从者),
贝亚特莉丝_(re:zero),
艾米莉亚_(re:zero),
拉姆_(re:zero),
雷姆_(re:zero),
静谧哈桑_(fate),
北部海域公主,
矶风_(kancolle),
春雨_(kancolle),
时雨_(kancolle),
云龙_(kancolle),
清霜_(kancolle),
中途岛公主,
林风_(kancolle),
莉莎_(pokemon),
赫斯蒂亚_(danmachi),
妮欧_波利坦,
维兹_(konosuba),
皮皮美,
普普子,
雨宫_莲,
高木_桑,
芙拉华_(vocaloid),
艾尔菲特_瓦伦泰因,
迪塔_(granblue_fantasy),
达努亚,
蜘蛛格温,
喷墨族男孩,
伊良湖_(kancolle),
格温史黛西,
枝垂萤,
拉芙塔莉雅,
蛙吹梅雨,
丽日御茶子,
绿谷出久,
爆豪胜己,
芦户三奈,
耳郎响香,
八百万百,
相泽消太,
结城友奈,
艾蕾娜_(魔女之旅),
宇智波佐良娜,
天王寺羽豆美,
3号_(splatoon),
深海墨族玩家角色,
天使_(守望先锋),
游侠_(守望先锋),
黑百合_(守望先锋),
源氏_(守望先锋),
法老之鹰_(守望先锋),
欧根亲王_(kancolle),
野埼_(kancolle),
秋月_(kancolle),
驱逐舰公主,
朝云_(kancolle),
轰焦冻,
切岛锐儿郎,
维拉_(碧蓝幻想),
叶隐透,
琴叶茜,
琴叶葵,
天之川绮罗罗,
春野春华,
友利奈绪,
山云_(kancolle),
黄前久美子,
黄坂玲奈,
库丘林_(术阶)_(fate),
格蕾_(fate),
吹雪改二_(kancolle),
阿妮拉_(碧蓝幻想),
制作人_(偶像大师灰姑娘女孩动画),
阿苏拉_(火焰纹章),
穗乃果_(死或生),
鱼住藤士郎,
骨喰藤四郎,
堀川国广,
欧尔麦特,
粟田口光忠,
荧丸,
大和守安定,
三日月宗近,
鹤丸国永,
加州清光,
五虎退,
左文字左卫门,
乱藤四郎,
和泉守兼定,
审神者_(刀剑乱舞),
一期一振,
药研藤四郎,
奇尔查克_蒂姆斯,
莱奥斯_陶登,
玛露希尔_多纳托,
女审神者_(刀剑乱舞),
莫尔加纳_(女神异闻录5),
高卷杏,
小狐丸,
乌511_(舰队收藏),
吕500_(舰队收藏),
天城_(舰队收藏),
香取_(舰队收藏),
朝潮_(舰队收藏),
姆普,
斗士_(碧蓝幻想),
露莉娅_(碧蓝幻想),
近卫彼方,
卡格莉丝卓_(碧蓝幻想),
菲莉_(碧蓝幻想),
高海千歌,
真耶改二_(舰队收藏),
冲田总司Alter_(Fate),
泽塔_(碧蓝幻想),
优衣_(公主连结),
普通人偶,
国木田花丸,
黑泽黛雅,
黑泽露比,
松浦果南,
小原鞠莉,
樱内梨子,
津岛善子,
渡边曜,
卡蜜拉_(火焰纹章),
女柯琳_(火焰纹章),
柯瑞因_(火焰纹章),
柯瑞因(男)_(火焰纹章),
艾莉茜_(火焰纹章),
雷欧_(火焰纹章if),
樱花_(火焰纹章),
拓海_(火焰纹章),
丛云改二_(舰队收藏),
福田春,
克拉莉丝_(碧蓝幻想),
樱岛麻衣,
阿尔提拉_(Fate),
睦月改二_(舰队收藏),
维恩_(碧蓝幻想),
优菈_(碧蓝幻想),
芙拉瓦_(VOCALOID4),
葛城_(舰队收藏),
利托里奥_(舰队收藏),
罗马_(舰队收藏),
秋津岛_(舰队收藏),
高波_(舰队收藏),
夏洛特_(碧蓝幻想),
牛若丸_(Fate),
中川夏希,
罗莎希普_(少女与战车),
服务器_(动物朋友),
虾夷赤狐_(动物朋友),
晴岚_(东方),
宇佐见堇子,
多蕾米·斯威特,
林檎_(东方),
卡莉_(斯普拉遁),
玛莉_(斯普拉遁),
安德瓦_(我的英雄学院),
斯卡哈_(Fate),
妮娜_(火焰纹章),
吉川优子,
铠塚瑞稀,
笠置望,
阿周那_(Fate),
杰克-O'_瓦伦丁,
维尔贝特·克劳缇,
村田姬子,
岛田千代,
2b_(尼尔：自动人形),
席尔薇_(碧蓝幻想),
蒂菲_(nottytiffy),
狞猫_(动物朋友),
利姆露·坦佩斯特,
奥菲莉亚_(火焰纹章),
索菲·诺伊恩米勒,
藤丸立香_(女),
藤丸立香_(男),
哈卡兔_3,
八重樱,
八重樱_(逆神巫女),
织田信长_(FGO),
织田信长_(Koha-Ace),
奥尔加玛丽·安穆斯菲尔,
芙芙_(FGO),
贞德_(第三再临)_(FGO),
玛丽·安托瓦内特_(FGO),
玉藻猫_(第三再临)_(FGO),
照月_(舰C),
风云_(舰C),
速水_(舰C),
海风_(舰C),
利贝乔_(舰C),
川风_(舰C),
布伦希尔德_(FGO),
清姬_(FGO),
鬼神佐古梅,
克劳恩皮斯,
纯狐_(东方),
赫卡提亚·拉碧斯拉祖利,
千子村正_(FGO),
贞德alter_(复仇者)_(FGO),
贞德alter_(FGO),
卡蜜拉_(FGO),
玛尔塔_(FGO),
章鱼女孩,
达·芬奇_(FGO),
罗曼尼·阿基曼,
仙士_(迷宫饭),
佐伊_(碧蓝幻想),
布狄卡_(FGO),
千珏_(英雄联盟),
羔羊_(英雄联盟),
弗里斯克_(传说之下),
桑斯_(传说之下),
娜娜奇_(来自深渊),
松野长松,
松野猪松,
松野一松,
松野十四松,
松野唐松,
松野户松,
阿希尔帕,
杉元佐一,
查拉_(传说之下),
阿尔托莉雅·潘德拉贡_(Lancer)_(FGO),
贞德·阿尔特蕾雅（复仇者）（第三再临）（Fate）,
菜月昴,
小糸裕,
七海灯子,
芙蕾雅·维恩,
米库莫·盖奈梅尔,
米卡（少女与战车）,
秋（少女与战车）,
米可（少女与战车）,
瑞鹤改二（舰队收藏）,
鸣神（碧蓝幻想）,
克拉拉（少女与战车）,
岛田爱里寿,
岚（舰队收藏）,
萩风（舰队收藏）,
亲潮（舰队收藏）,
霓丝（守望先锋）,
D.Va（守望先锋）,
格拉夫·齐柏林（舰队收藏）,
笠置（舰队收藏）,
渡我被身子,
芋詰,
铃鹿御前（Fate）,
WA2000（少女前线）,
M16A1（少女前线）,
M4A1（少女前线）,
ST AR-15（少女前线）,
UMP45（少女前线）,
春川真希,
K1-B0,
百田解斗,
Kar98k（少女前线）,
宫水三叶,
罗克希·米格路迪亚,
艾莉丝·格雷拉特,
十六夜莉可,
范（碧蓝幻想）,
春田（少女前线）,
内格夫（少女前线）,
朝比奈未来,
安蒂拉（碧蓝幻想）,
灵幻新隆,
贝亚特丽丝（碧蓝幻想）,
四宫辉夜,
阿尔托莉雅·潘德拉贡（枪兵Alter）（Fate）,
霞改二（舰队收藏）,
薇尔莉特·艾佛加登,
HK416（少女前线）,
麋鹿（兽娘动物园）,
耳廓狐（兽娘动物园）,
狮_(动物朋友),
初月_(舰队收藏),
冲波_(舰队收藏),
扎拉_(舰队收藏),
m4_sopmod_ii_(少女前线),
mp40_(少女前线),
无名_(卡巴内瑞),
爱荷华_(舰队收藏),
埃德蒙·丹特斯_(fate),
槌子_(动物朋友),
法琳_陶登,
法琳_陶登_(托尔曼),
沉默铃鹿_(赛马娘),
特别周_(赛马娘),
东海帝王_(赛马娘),
辻莲太,
弗洛伦斯·南丁格尔_(fate),
梅芙_(fate),
海伦娜·布拉瓦茨基_(fate),
小栗帽_(赛马娘),
库丘林_Alter_(fate),
波拉_(舰队收藏),
岚_改二_(舰队收藏),
9s_(尼尔：自动人形),
a2_(尼尔：自动人形),
白细胞_(工作细胞),
士兵：76_(守望先锋),
东北切丹,
春风_(舰队收藏),
清姬_(泳装枪兵)_(fate),
明智吾郎,
新岛真,
奥村春,
佐仓双叶,
茨木童子_(fate),
火斑喵,
木木枭,
球球海狮,
雪莱_(宝可梦),
艾利欧_(宝可梦),
哈乌_(宝可梦),
古见硝子,
日向爱,
空银子,
酒吞童子_(fate),
莉莉艾_(宝可梦),
田村由里,
希尔菲耶特_(无职转生),
时崎澪_(逆流茶辉),
玄奘三藏_(fate),
尼翁_(曲奇),
千代田桃,
莉莉斯_(街角魔族),
吉田优子_(街角魔族),
朝潮改二_(舰队收藏),
阿尔托莉雅·潘德拉贡_(Alter泳装骑乘)_(Fate),
吉尔·史汀雷,
源赖光_(Fate),
我妻善逸,
灶门炭治郎,
女主角_(宝可梦GO),
谜拟Q,
灰熊mkv_(少女前线),
尼托克莉丝_(Fate),
音町胡桃,
g41_(少女前线),
艾姬多娜_(Re:Zero),
市谷有沙,
兰斯洛特_(Fate/Grand Order),
梅杰德_(Fate),
阿罗拉六尾,
拉娜_(宝可梦),
玛奥_(宝可梦),
玛夏多,
Z3马克斯·舒尔茨_(泳装模式)_(舰队收藏),
卡琳娜_(少女前线),
斯卡哈_(泳装暗杀者)_(Fate),
莫德雷德_(泳装骑乘)_(Fate),
玉藻前_(泳装枪兵)_(Fate),
玛修·基列莱特_(永夏泳装),
水无月_(舰队收藏),
玛尔塔_(泳装裁定者)_(Fate),
古兹马_(宝可梦),
阿奎拉_(舰队收藏),
厌战_(舰队收藏),
伊-26_(舰队收藏),
迪讷盖特_(少女前线),
菱亚马逊_(赛马娘),
OTS-14_(少女前线),
ずんだもん,
国王哈桑_(Fate),
G11_(少女前线),
UMP9_(少女前线),
Pod_(尼尔：自动人形),
露莎米奈_(宝可梦),
以太基金会员工,
格拉熙欧_(宝可梦),
岩狗狗,
米永安洁,
赤松枫,
川上定代,
梦野秘密子,
浦波_(舰队收藏),
天海兰太郎,
苏奥米_(少女前线),
王马小吉,
最原终一,
G36_(少女前线),
牛原刚田,
茶柱天子,
入间美兔,
白银紬,
十条桐美,
星龙马,
真宫寺是清,
绪方百介,
琪亚娜·卡斯兰娜_(白彗星),
95式_(少女前线),
谷垣源次郎,
嘴平伊之助,
灶门祢豆子,
维克托·尼基弗洛夫,
胜生勇利,
尤里·普利赛茨基,
9A-91_(少女前线),
伊丽莎白·巴托里_(勇敢)_(Fate),
玛修·基列莱特_(危险野兽),
索布拉_(守望先锋),
希儿·芙乐艾,
索尔迦雷戈,
东北伊塔子,
各务原凪咲,
志摩凛,
朝风_(舰队收藏),
萨拉托加_(舰队收藏),
指挥官泰斯特_(舰队收藏),
山风_(舰队收藏),
打上英里,
贞德·阿尔特_圣诞莉莉_(Fate),
阿塞罗拉_(宝可梦),
伊什塔尔_(Fate),
美杜莎_(Lancer)_(Fate),
吉尔伽美什_(Caster)_(Fate),
艾尔玛_(小林家的龙女仆),
康娜·卡姆伊,
露可亚_(小林家的龙女仆),
埃列什基伽勒_(Fate),
魁札尔·科亚特尔_(Fate),
提亚马特_(Fate),
指挥官_(少女前线),
小林_(龙娘),
威尔罗德_mkii_(少女前线),
绊爱,
梅林_(Fate/原型),
玉置伊呂波,
宫本武藏_(Fate),
宫本武藏_(第三再临)_(Fate),
女指挥官_(少女前线),
ro635_(少女前线),
米法,
根本雏,
章鱼男孩,
妮姬_(nikki),
加藤明日香,
保罗班扬_(Fate),
伊露露_(龙娘),
栗花落香奈乎,
普通浣熊_(动物朋友),
日本朱鹮_(动物朋友),
包_(动物朋友),
神秘英灵x_alter_(Fate),
神秘英灵x_alter_(第一再临)_(Fate),
沙猫_(动物朋友),
羊驼苏利_(动物朋友),
皇帝企鹅_(动物朋友),
皇企鹅_(动物朋友),
小爪水獭_(动物朋友),
幸运兽_(动物朋友),
富士名_(舰队收藏),
灰狼_(动物朋友),
i-13_(舰队收藏),
i-14_(舰队收藏),
美洲豹_(动物朋友),
鞋嘴鹮_(动物朋友),
基兰_(火焰纹章),
塞利恩_(动物朋友),
洪堡企鹅_(动物朋友),
阿比盖尔·威廉姆斯_(Fate),
塞赫拉扎德_(Fate),
北部白脸猫头鹰_(动物朋友),
欧亚雕鸮_(动物朋友),
贞德·alter_(ver._新宿1999)_(Fate),
saber_alter_(ver._新宿1999),
詹姆斯·莫里亚蒂_(弓兵)_(Fate),
银狐_(动物朋友),
川金丝猴_(动物朋友),
蝴蝶忍,
非洲野犬_(动物朋友),
棕熊_(动物朋友),
褐长耳蝠_(动物朋友),
,coyote_(kemono_friends)
,dhole_(kemono_friends)
,sandalphon_(granblue_fantasy)
,purah
,fujiwara_chika
,okusawa_misaki
,aoba_moca
,mitake_ran
,nanami_yachiyo
,theresa_apocalypse
,tsurumaki_kokoro
,suzuya_kai_ni_(kancolle)
,oda_nobukatsu_(fate)
,spas-12_(girls'_frontline)
,maruyama_aya
,lana's_mother_(pokemon)
,kamoi_(kancolle)
,kasuga_maru_(kancolle)
,gangut_(kancolle)
,etorofu_(kancolle)
,eternity_larva
,sakata_nemuno
,komano_aunn
,laffey_(azur_lane)
,minato_yukina
,akagi_(azur_lane)
,hikawa_sayo
,imai_lisa
,hado_nejire
,matsubara_kanon
,udagawa_tomoe
,tennoji_rina
,yuki_setsuna
,nakasu_kasumi
,miyashita_ai
,super_creek_(umamusume)
,gold_city_(umamusume)
,kaga_(azur_lane)
,ayanami_(azur_lane)
,atago_(azur_lane)
,takao_(azur_lane)
,enterprise_(azur_lane)
,queen_elizabeth_(azur_lane)
,prinz_eugen_(azur_lane)
,prinz_eugen_(unfading_smile)_(azur_lane)
,javelin_(azur_lane)
,illustrious_(azur_lane)
,yamashiro_(azur_lane)
,sakuramori_kaori
,yuudachi_(azur_lane)
源赖光_(泳装枪兵)_(Fate),
白石紬,
哈曼_(碧蓝航线),
宇崎花,
胡德_(碧蓝航线),
饅頭_(碧蓝航线),
平海_(碧蓝航线),
Z23_(碧蓝航线),
浅贺果凛,
焰_(异度神剑),
雷克斯_(异度神剑),
卡莲·卡斯兰娜,
猪野美子,
武则天_(Fate),
艾尔德里奇_(碧蓝航线),
犬山葵,
广_(Darling in the Franxx),
零二_(Darling in the Franxx),
玛莉娜_(斯普拉遁),
帕露娜_(斯普拉遁),
曼哈顿咖啡_(赛马娘),
罗小黑,
安热_(公主殿下),
独角兽_(碧蓝航线),
尼禄·克劳狄乌斯_(泳装Caster)_(Fate),
贝尔法斯特_(碧蓝航线),
兽耳酱_(naga_u),
DSR-50_(少女前线),
安藤_(少女与战车),
玛丽_(少女与战车),
押田_(少女与战车),
符华,
尼托克丽丝_(泳装暗杀者)_(Fate),
阿尔托莉雅·潘德拉贡_(Alter泳装Rider)_(第二再临)_(Fate),
小不点_(斯普拉遁),
希佩尔海军上将_(碧蓝航线),
明石_(碧蓝航线),
德意志_(碧蓝航线),
克利夫兰_(碧蓝航线),
Z46_(碧蓝航线),
法普塔,
指挥官_(碧蓝航线),
黎塞留_(舰队收藏),
旗风_(舰队收藏),
狭雾_(舰队收藏),
摩多罗青荷,
矢田寺鸣海,
西田里乃,
泥田麻衣,
皇家方舟_(舰队收藏),
松轮(舰队收藏),
格拉夫·齐柏林(碧蓝航线),
艾雅法拉(明日方舟),
索拉(明日方舟),
德克萨斯(明日方舟),
上原姬麻里,
小山真寻,
小山美晴,
如月(碧蓝航线),
穂月枫,
爱玛·维德,
上原步梦,
爱宕(夏之进行曲)(碧蓝航线),
涼月(舰队收藏),
人造人21号,
妮娅(异度神剑),
五十岚双叶(shiromanta),
武田春美(shiromanta),
磷叶石(宝石之国),
白鹭千纱,
里斯卡姆(明日方舟),
翔鹤(碧蓝航线),
俾斯麦(碧蓝航线),
莫妮卡(心跳文学部),
夏树(心跳文学部),
纱世里(心跳文学部),
由里(心跳文学部),
莓(达尔文在法兰克斯),
阿米娅(明日方舟),
陈(明日方舟),
临光(明日方舟),
巴御前(Fate),
瑞鹤(碧蓝航线),
中野三玖,
可可萝(公主连结),
芦屋道满(Fate),
电脑少女Siro,
仙狐(醒来吧！狐仙大人！),
弗洛伦斯·南丁格尔(恶作剧or招待)(Fate),
刑部姬(Fate),
氷川雏,
御园香琳,
焰(异度神剑),
凯尔希(明日方舟),
圣路易斯(碧蓝航线),
火奴鲁鲁(碧蓝航线),
莫拉格(异度神剑),
对马(舰队收藏),
佐渡(舰队收藏),
爱丽娜·格雷,
鸮_(明日方舟),
静谧_(明日方舟),
穗月红叶,
野乃花,
药师寺纱耶,
拉维妮亚·惠特莉_(Fate),
绊彩里,
喀耳刻_(Fate),
阿比盖尔·威廉姆斯_(第三再临)_(Fate),
扎巴尼亚_(housamo),
绫波_(改造后)_(碧蓝航线),
安杰拉_(Project Moon),
妮娅_(剑形态)_(异度神剑),
卡特拉斯_(少女与战车),
辉夜露娜,
普纽玛_(异度神剑),
科阳斯卡娅_(Fate),
长波改二_(舰队收藏),
依神紫苑,
依神女苑,
葛饰北斋_(Fate),
虎太郎_(Fate),
莱昂纳多·达·芬奇_(Rider)_(Fate),
阿纳斯塔西亚_(Fate),
维伊_(Fate),
卡多克·采姆鲁普斯,
日振_(舰队收藏),
藤丸立香_(女性)_(极地迦勒底制服),
冈田以藏_(Fate),
昂龙_(Fate),
法兰卡_(明日方舟),
长门_(碧蓝航线),
村雨改二_(舰队收藏),
月岛始,
魔人21号,
猫娘_(鬼太郎第六作),
海军上将格拉夫·施佩_(碧蓝航线),
舰长_(崩坏3rd),
时乃空,
ak-12_(少女前线),
an-94_(少女前线),
月之美兔,
卡布鲁,
八宫惠瑠,
风野灯织,
樱木真乃,
小伊藤音之伸,
武藏改二_(舰队收藏),
白濑咲耶,
三峰由佳,
月冈小金,
雪国绮罗子,
田中真美美,
猫宫日向,
甘拜尔湾_(kancolle),
杰维斯_(kancolle),
敌方救生圈_(kancolle),
凯莎,
大崎甘奈,
大崎天华,
桑山千雪,
塔什肯特_(kancolle),
竞技神_(kancolle),
浜波_(kancolle),
静香凛,
佩可莉姆_(princess_connect!),
优衣_(princess_connect!),
谢菲尔德_(azur_lane),
月之美兔_(1st_costume),
鸠羽つぐ,
凯露_(princess_connect!),
樋口楓,
樋口楓_(1st_costume),
森里凛世,
园田千代子,
小宫果穂,
西条树里,
有栖川夏叶,
沙兰_(princess_connect!),
a酱_(hololive),
8号特工_(splatoon),
京香_(princess_connect!),
藤丸立香_(男性)_(极地迦勒底制服),
中野五月,
中野四叶,
mdr_(girls'_frontline),
物部亚莉丝,
森中风子,
斯卡哈·斯卡蒂_(fate),
拿破仑·波拿巴_(fate),
凯尼斯_(fate),
大场七奈,
彩城克洛蒂娜,
天堂真矢,
斯卡哈_(穿刺兔)_(fate),
训练师_(umamusume),
剑持刀也,
艾尔康多尔帕萨_(umamusume),
象征鲁道夫_(umamusume),
目白杜贝尔_(umamusume),
真夜顶枪_(umamusume),
黄金船_(umamusume),
菲妮摩迅_(umamusume),
妮斯摩_(umamusume),
中山菲斯塔_(umamusume),
艾新闪_(umamusume),
阿格妮丝数字_(umamusume),
伏特加_(umamusume),
艾尔格鲁夫_(umamusume),
草上飞_(umamusume),
泰基梭_(umamusume),
大和赤骥_(umamusume),
帝王歌剧O_(umamusume),
成田不二_(umamusume),
富士奇迹_(umamusume),
丸善斯基_(umamusume),
目白麦昆_(umamusume),
星云天空_(umamusume),
胜利奖券_(umamusume),
玉藻十字_(umamusume),
东海乔丹_(umamusume),
春乌拉拉_(umamusume),
待兼福来_(umamusume),
聪明猎鹰_(umamusume),
成田大进_(umamusume),
艾尔沙库尔_(umamusume),
稻荷一_(umamusume),
西野花_(umamusume),
美浦波旁_(umamusume),
斯维普东商_(umamusume),
琵琶早秀_(umamusume),
樱花爆进王_(umamusume),
阿格妮丝塔奇翁_(umamusume),
目白暴徒_(umamusume),
米浴_(umamusume),
爱慕维加_(umamusume),
当前酱_(umamusume),
国王光环_(umamusume),
中野二乃,
中野一花,
罗波子さん,
纳鸟沙那,
塞缪尔·B·罗伯茨_(kancolle),
罗恩_(azur_lane),
腓特烈大帝_(azur_lane),
新庄朱音,
宝田六花,
吉斯莱恩·德多尔迪亚,
时乃空_(1st_costume),
夜空梅露,
希儿_(人格2),
虞美人_(Fate),
神绫_(彩虹社),
拉薇,
修女克蕾尔,
修女克蕾尔_(初代服装),
瓦坎坦卡,
塔露拉_(明日方舟),
富冈义勇,
炼狱杏寿郎,
琪亚娜·卡斯兰娜_(虚空律者),
艾黛尔贾特·冯·赫雷斯贝格,
贝雷特_(火焰纹章),
贝雷特_(男性)_(火焰纹章),
克劳德·冯·列根,
迪米特里·亚历山大·布雷迪,
白上吹雪,
白上吹雪_(初代服装),
血小板_(工作细胞),
赤井心,
赤井心_(初代服装),
毒鸟_(VTuber),
凯露_(夏)_(公主连结),
佩可莉姆_(夏)_(公主连结),
贞德_(泳装弓兵)_(Fate),
贞德_(泳装弓兵)_(第一再临)_(Fate),
白露改二_(舰队收藏),
齐玛_(明日方舟),
天龙改二_(舰队收藏),
布罗利_(龙珠超),
女武神_(Fate),
主人公3_(东京放课后召唤者),
沙伦_(夏)_(公主连结),
佐佐木咲,
佐佐木咲_(初代服装),
让·巴尔_(碧蓝航线),
马萨诸塞_(碧蓝航线),
阿比盖尔·威廉姆斯_(外出服)_(Fate),
本间向日葵,
椎名唯华,
椎名唯华_(初代服装),
贞德〔Alter〕_(泳装狂战士)_(Fate),
贞德_(泳装弓兵)_(第二再临)_(Fate),
BB_(泳装月癌)_(Fate),
BB_(泳装月癌)_(第二再临)_(Fate),
神秘英灵XX_(Fate),
BB_(泳装月癌)_(第三再临)_(Fate),
魔界之莉莉姆,
葛叶_(彩虹社),
鹰宫理音,
伊芙利特_(明日方舟),
诗怀雅_(明日方舟),
秋·罗森塔尔,
百鬼绫目,
百鬼绫目_(一周年服装),
焰_(职业泳装)_(异度神剑),
夏色祭,
夏色祭_(一周年服装),
栗花落香奈乎,
愈月巧克力,
愈月巧克力_(一周年服装),
湊阿库娅,
湊阿库娅_(一周年服装),
拉普兰德_(明日方舟),
岸波_(舰队收藏),
白上吹雪,
龙胆尊,
紫咲诗音,
紫咲诗音_(一周年服装),
哥特兰_(舰队收藏),
纳尔逊_(舰队收藏),
C.B.先生_(赛马娘),
爱宕_(惊艳极速)_(碧蓝航线),
大凤_(碧蓝航线),
大凤_(禁断之果)_(碧蓝航线),
霍克斯_(我的英雄学院),
鲍塞特,
卯月沙耶加,
王boo公主,
室崎美世,
冈朝日,
水原千鹤,
佩妮·帕克,
今野纯子,
源樱,
水野爱,
二阶堂咲希,
丽塔·罗斯薇瑟,
加洛·提莫斯,
后藤一里,
苏欧·帕特拉,
克里斯_(三角洲符文),
博士_(明日方舟),
大空昴,
大空昴_(一周年服装),
早坂爱,
p90_(少女前线),
尼莫船长_(Fate),
尼莫_(Fate),
光_(激烈近战)_(异度神剑),
精卫_(鸟),
大神澪,
大神澪_(第一套服装),
布拉达曼特_(FGO),
宇津美艾莉丝,
羽衣拉拉,
星名光,
软糖_(明日方舟),
辻野明里,
上杉风太郎,
天城_(碧蓝航线),
约翰斯顿_(舰队收藏),
峰风_(舰队收藏),
卡芙_(神椿工作室),
红阎魔,
姬坂诺亚,
星野日向,
星野都子_(天使降临),
白崎花,
砂塚晶,
大空昴_鸭,
宇崎月,
西里乌斯_(碧蓝航线),
艾雅法拉_(明日方舟),
利欧_福提亚,
紫式部_(FGO),
梦见里亚姆,
杜兰达尔_(崩坏3),
贝雷特_(女)_(火焰纹章),
幽灵_(Apex英雄),
索提斯_(火焰纹章),
多洛蒂娅_阿诺特,
m200_(少女前线),
叩音猴,
炎兔儿,
泪眼蜥,
玛俐_(宝可梦),
利维_(宝可梦),
黑崎千岁,
白雪千代,
志暮羽衣_(虚拟主播),
志暮羽衣_(虚拟主播)_(第一套服装),
樱巫女,
电次_(链锯人),
玛奇玛_(链锯人),
男孩河獭,
黛冬子,
芹泽朝日,
泉芽衣,
喵喵_(链锯人),
帕瓦_(链锯人),
阿兹姬_(hololive),
芳泽霞,
乾十子,
安琪·卡特琳娜,
安琪·卡特琳娜_(第一套服装),
莉泽·赫蕾丝塔,
塞巴斯蒂安·皮约多尔,
迦摩_(Fate),
迦摩_(第一灵基)_(Fate),
罗莎莉娅_奥列尼耶娃,
久川颯,
久川凪,
戌神沁音,
戌神沁音_(第一套服装),
猫又小粥,
猫又小粥_(第一套服装),
拉皮_(nikke),
岛风_(碧蓝航线),
安洁莉娜_(明日方舟),
铃原露露,
羽羽_(明日方舟),
丹达鸟藏,
牛崎润美,
红_(明日方舟),
诗怀雅_(明日方舟),
希尔妲·瓦伦泰因·格奥内尔,
帕尔兰提克_(明日方舟),
波奇塔_(链锯人),
菲利克斯·胡戈·弗拉德留斯,
杰西卡_(明日方舟),
科罗拉多_(舰队收藏),
弗莱彻_(舰队收藏),
银灰_(明日方舟),
幽灵鲨_(明日方舟),
莱莎·史托特,
白金_(明日方舟),
贝娜黛塔·冯·瓦雷利,
星熊_(明日方舟),
莉夏泰雅·冯·奥德利亚,
德克萨斯_(冬日使者)_(明日方舟),
五条悟,
伏黑惠,
虎杖悠仁,
钉崎野蔷薇,
七海建人,
乙骨忧太,
两面宿傩_(咒术回战),
禅院真希,
星街彗星,
蓝毒_(明日方舟),
苏桔娜_(宝可梦),
斯卡蒂_(明日方舟),
霍巴_(宝可梦),
毛毛羊,
丹帝_(宝可梦),
洛托姆手机,
天狼星_(灼热天狼星)_(碧蓝航线),
安妮特_范廷_多米尼克,
梅尔赛德斯_冯_马尔特雷兹,
瓦特森_(Apex英雄),
八号_(Apex英雄),
露莎米奈_(宝可梦),
华法琳_(明日方舟),
蕾雅_(火焰纹章),
玛丽安_冯_埃德蒙德,
来电汪,
喜多川海梦,
姬野_(链锯人),
恶毒_(碧蓝航线),
英格丽德_布兰德尔_加拉泰亚,
芭芭拉_(原神),
希尔凡_荷塞_戈提埃,
山田杏奈,
布偶世理爱,
埃梅特-塞尔克,
格拉哈_蒂亚,
神里绫华,
安妮亚_(间谍过家家),
黄昏_(间谍过家家),
约尔_福杰,
霜叶_(明日方舟),
碎岩_(明日方舟),
闪灵_(明日方舟),
莲_(宝可梦),
阿音_(宝可梦),
胖甜妮,
星街彗星_(第一套服装),
夜见礼奈,
博士冬木,
35P_(樱巫女),
加维尔_(明日方舟),
冲田总司_(Fate),
兔田佩克拉,
兔田佩克拉_(第一套服装),
咚酱_(兔田佩克拉),
诗怀雅_(明日方舟),
润羽露西亚,
润羽露西亚_(第一套服装),
影森美知留,
巴尔的摩_(碧蓝航线),
安柏_(原神),
启迪贝蕾特_(女),
阿尔斯_阿尔玛,
大空昴_(工作服),
宫本武藏_(泳装狂战士)_(FGO),
宫本武藏_(泳装狂战士)_(第二再临)_(FGO),
不知火弗蕾雅,
白银诺艾尔,
白银诺艾尔_(第一套服装),
宝钟玛琳,
宝钟玛琳_(第一套服装),
玛俐_(宝可梦),
贝德_(宝可梦),
胖甜妮,
胖甜妮_(饱腹),
绮蝶八千慧,
埴安神珪姫,
黑驹纱贵,
丈筒雅弓,
洗濯龙女仆,
梅尔特莉莉丝_(泳装枪兵)_(FGO),
梅尔特莉莉丝_(泳装枪兵)_(第一再临)_(FGO),
阿尔托莉雅·潘德拉贡_(泳装裁定者)_(FGO),
阿尔托莉雅·潘德拉贡_(泳装裁定者)_(第一再临)_(FGO),
猫又小粥_(便服),
天宫心,
梅尔特莉莉丝_(泳装枪兵)_(第二再临)_(FGO),
法琳·托登_(奇美拉),
斯卡泽尔_(明日方舟),
巴歇_(碧蓝航线),
布莱兹_(明日方舟),
格雷卡莱_(舰队收藏),
职员_(项目月亮),
努杰特_(项目月亮),
雅努斯_(舰队收藏),
尤妮_(公主连结),
胜利_(碧蓝航线),
克萝艾_(公主连结),
邻家兔女郎酱_(邻家兔女郎),
扎拉_(碧蓝航线),
扎拉_(泳池偶遇)_(碧蓝航线),
克鲁斯_(明日方舟),
大凤_(着迷伴侣)_(碧蓝航线),
阿斯特西亚_(明日方舟),
默特尔_(明日方舟),
菫谷花菜,
市川京太郎,
队长_(动物朋友),
细语_(明日方舟),
悟_(宝可梦),
查莉·晨星,
蕾泽_(链锯人),
w_(明日方舟),
星川莎拉,
星川莎拉_(初代服装),
马格南_(明日方舟),
柊歌种,
魔女贝塞尔,
派恩_(爆弹美少女),
慕尔赛斯_(明日方舟),
东山小芘,
一之濑润羽,
胖甜妮,
星乃一歌_(世界计划),
花里实乃里,
千面避役,
梅洛妮_(宝可梦),
莫斯提马_(明日方舟),
莱汉_(宝可梦),
露璃娜_(宝可梦),
闪焰王牌,
奥野田美依,
阿斯托尔福_(saber)_(Fate),
莉芙_(战双帕弥什),
神州丸_(舰队收藏),
珀斯_(舰队收藏),
白雪巴,
亚特兰大_(舰队收藏),
樱巫女_(初代服装),
苇草_(明日方舟),
露西亚_(战双帕弥什),
维克拉_(碧蓝幻想),
能代_(碧蓝航线),
大神澪_(便服),
佩克蒙_(兔田佩克拉),
花寺乃朵香,
角卷瓦茶女,
角卷瓦茶女_(初代服装),
天音彼方,
天音彼方_(初代服装),
桐生可可,
桐生可可_(初代服装),
碧比_(常暗踏音),
常暗踏音,
姫森露娜,
姫森露娜_(初代服装),
米斯伦,
霜星_(明日方舟),
杨贵妃_(Fate),
杨贵妃_(第二灵基)_(FGO),
常暗托瓦_(第一服装),
煌_(明日方舟),
年_(明日方舟),
rpk-16_(少女前线),
ak-15_(少女前线),
克拉拉_(宝可梦),
小舞_(斗罗大陆),
黛朵_(碧蓝航线),
西里斯_(碧空地平线)_(碧蓝航线),
男博士_(明日方舟),
符华_(苍穹之华),
高崎优,
琴_(原神),
清少纳言_(FGO),
芙伦_e_卢斯塔里奥,
达米安·德斯蒙德,
早川亚纪,
帕米亚特·梅尔库里_(碧蓝航线),
塔什干_(碧蓝航线),
塞贝_(明日方舟),
猫_(湊阿库娅),
歌_(明日方舟),
涩谷香音,
风笛_(明日方舟),
樋口圆香,
布雷默顿_(碧蓝航线),
浅仓透,
市川雏菜,
福丸小糸,
布雷默顿_(灼热训练)_(碧蓝航线),
天使恶魔_(链锯人),
多莉_(原神),
可莉_(原神),
史莱姆_(原神),
古城安娜,
龙崎蕾妮,
狮子王克里斯,
行秋_(原神),
荧_(原神),
邦德_(间谍过家家),
派蒙_(原神),
阿云达·里苏,
昆卡娜霍,
穆娜·霍希诺瓦,
艾拉妮·伊欧菲丁,
诗怀雅_(明日方舟),
天马咲希,
宵崎奏,
利奥纳·金斯卡拉,
诗怀雅_(明日方舟),
星野瑠由,
弗洛伊德·利奇,
杰德·利奇,
特蕾莎_(明日方舟),
桐谷遥,
天马司,
大鸟胡桃,
草薙宁宁,
神代类,
梓泽小羽,
白石杏,
青柳冬夜,
东云彰人,
朝比奈真冬,
东云绘名,
秋山瑞希,
锅巴_(原神),
香菱_(原神),
拉普兰德_(精炼惊怖魇)_(明日方舟),
菲亚梅塔_(明日方舟),
迪卢克_(原神),
泉希_(链锯人),
优妮克忒丝_(明日方舟),
林_(明日方舟),
南梦,
优由_(扭曲仙境),
无羡_(罗小黑战记),
岚千纱都,
叶月恋,
平安堇,
唐可可,
路西法·晨星_(地狱旅馆),
莫德乌斯_(地狱使者),
艾妮斯菲亚·温·帕蕾提亚,
尤菲莉亚·玛真塔,
刻耳柏洛斯_(地狱使者),
阿撒兹勒_(地狱使者),
路西法_(地狱使者),
贾斯蒂斯_(地狱使者),
裁决_(地狱使者),
玛丽娜_(地狱使者),
地狱使者_(角色),
湊阿库娅_(水手服),
铃兰_(明日方舟),
罗莎_(明日方舟),
异世界城主,
圣路易斯_(奢华之轮)_(碧蓝航线),
润羽露西亚_(第三套装),
诺贝塔,
丽莎_(原神),
雷电芽衣_(雷之律者),
罗小黑_(人形),
三船栞子,
甚户_(舰队收藏),
加密专家_(Apex英雄),
南达科他_(舰队收藏),
星街彗星_(校服),
大和_(海贼王),
柴郡_(碧蓝航线),
铃兰_(明日方舟),
贝雷特_(女)_(夏装)_(火焰纹章),
宝钟玛琳_(夏装),
大黄蜂_(舰队收藏),
诺艾尔_(原神),
珀尔修斯_(碧蓝航线),
菲谢尔_(原神),
笨拙修女_(Diva),
火辣修女_(Diva),
明日莉_(蔚蓝档案),
有栖_(蔚蓝档案),
阿罗娜_(蔚蓝档案),
有珠_(蔚蓝档案),
绫音_(蔚蓝档案),
千夏_(蔚蓝档案),
晴_(蔚蓝档案),
日富美_(蔚蓝档案),
雏_(蔚蓝档案),
星野_(蔚蓝档案),
伊吹_(蔚蓝档案),
伊织_(蔚蓝档案),
伊罗哈_(蔚蓝档案),
纯子_(蔚蓝档案),
香代子_(蔚蓝档案),
和纱_(蔚蓝档案),
切鞘霧羅_(蔚蓝档案),
绿_(蔚蓝档案),
萌衣_(蔚蓝档案),
睦月_(蔚蓝档案),
夏_(蔚蓝档案),
乃爱_(蔚蓝档案),
诺诺米_(蔚蓝档案),
芹香_(蔚蓝档案),
白子_(蔚蓝档案),
好美_(蔚蓝档案),
优香_(蔚蓝档案),
铁鼠,
芙莉莲,
雪花拉米,
雪花拉米_(第一套服装),
桃铃音梦,
狮白博弹,
狮白博弹_(首次服装),
尾丸波尔卡,
尾丸波尔卡_(首次服装),
斯卡蒂_(乘浪者)_(明日方舟),
蛙修女_(歌姬),
棘刺_(明日方舟),
阿尔托莉雅·卡斯特_(FGO),
阿尔托莉雅·卡斯特_(第二再临)_(FGO),
兔兔男爵_(原神),
杀生院祈荒_(泳装月癌),
罗莎_(未定事件簿),
阿比盖尔·威廉姆斯_(泳装异星神)_(FGO),
阿比盖尔·威廉姆斯_(泳装异星神)_(第三再临)_(FGO),
巴御前_(泳装剑士)_(FGO),
友美美_(明日方舟),
泥岩_(明日方舟),
椿_(蔚蓝档案),
苏尔特_(明日方舟),
重云_(原神),
不知火弗蕾拉_(首次服装),
凝光_(原神),
费伦_(葬送的芙莉莲),
船员_(我们之中),
嘎呜古拉,
嘎呜古拉_(首次服装),
莫里·卡利俄佩,
莫里·卡利俄佩_(首次服装),
九前伊纳尼斯,
九前伊纳尼斯_(首次服装),
小鸟游琪亚拉,
小鸟游琪亚拉_(首次服装),
阿梅莉亚·华生,
阿梅莉亚·华生_(首次服装),
青酱_(九前伊纳尼斯),
布鲁普_(嘎呜古拉),
信浓_(碧蓝航线),
香椎_(碧蓝航线),
香椎_(温泉放松)_(碧蓝航线),
蛸达奇_(九前伊纳尼斯),
温迪_(原神),
丘丘人_(原神),
柯莱_(原神),
凯亚_(原神),
七七_(原神),
刻晴_(原神),
莫娜_(原神),
空_(蔚蓝档案),
克莱夫·罗兹菲尔德,
空_(原神),
雷泽_(原神),
布巴_(沃森_爱丽),
北斗_(原神),
伊草春香_(蔚蓝档案),
詹皮·邓普蒂,
魈_(原神),
钟离_(原神),
奥兹_(原神),
砂糖_(原神),
威斯拉什_(明日方舟),
水晶蝶_(原神),
桃铃ねね_(第一服装),
班尼特_(原神),
达达利亚_(原神),
甘雨_(原神),
希梅尔_(葬送的芙莉莲),
白银诺艾尔_(便服),
泥岩_(精二)_(明日方舟),
德克萨斯_(意志)_(明日方舟),
山_(明日方舟),
小阿梅,
史塔克_(葬送的芙莉莲),
克莱恩·莫雷蒂,
阿科_(蔚蓝档案),
阿梅酱_(尼特女孩过度),
超绝才川天使酱,
迪奥娜_(原神),
闲云_(原神),
钟岚珠,
凡高_(Fate),
星街彗星_(便服),
米娅·泰勒,
夏油杰,
符华_(识之律者),
紫咲诗音_(哥特萝莉),
胡桃_(原神),
女士_(原神),
散兵_(原神),
东堂葵_(咒术回战),
橘雏乃_(Vtuber),
伏黑甚尔,
岛狐_(兽娘动物园),
安雅·梅菲萨,
库蕾伊·奥利,
库蕾伊·奥利_(第一服装),
帕沃利亚·蕾妮,
榛名_(蔚蓝档案),
常暗托瓦_(地雷系),
瑶瑶_(原神),
伊吹童子_(fate),
阿贝多_(原神),
佩可妈妈,
加能葵,
娜尤塔_(链锯人),
风花_(碧蓝档案),
罗莎莉亚_(原神),
夏海_真夏,
劳拉_拉梅尔,
阿藤_春树,
布奥托_(原神),
罗兰_(project_moon),
妮可_(碧蓝档案),
和歌毛_(碧蓝档案),
奥布里_(远方)_(omori),
奥布里_(omori),
芹名_(碧蓝档案),
羽岛_(碧蓝档案),
纲_(碧蓝档案),
小春_(碧蓝档案),
堕落影,
明日奈_(碧蓝档案),
洛库洛酱_(洛库洛之回转物),
茜_(碧蓝档案),
花凛_(碧蓝档案),
里见钻石_(赛马娘),
英雄_(头脑空间)_(omori),
英雄_(omori),
涅鲁_(碧蓝档案),
真纪_(碧蓝档案),
琴里_(碧蓝档案),
响_(碧蓝档案),
英美_(碧蓝档案),
梓_(碧蓝档案),
花江_(碧蓝档案),
真白_(碧蓝档案),
北条时行_(逃跑高手若君),
禅朵_(阿朵),
黄昏_(明日方舟),
萨迦_(明日方舟),
双涡轮_(赛马娘),
牧兼丹豪瑟_(赛马娘),
千世_(碧蓝档案),
俊_(碧蓝档案),
凛_(碧蓝档案),
生野迪克塔斯_(赛马娘),
奥莫里_(omori),
阿丽萨_米哈伊洛夫娜_九条,
老师_(碧蓝档案),
巴兹尔_(远方)_(omori),
巴兹尔_(omori),
佩罗罗_(蔚蓝档案),
桑尼_(omori),
大拓赫利俄斯_(赛马娘),
喜多桑布莱克_(赛马娘),
柚子_(蔚蓝档案),
宫川高岭,
伊豆那_(蔚蓝档案),
有马加奈,
星野碧,
黑川朱音,
星野爱,
零_(宝可梦),
绫_(宝可梦),
伊织_(泳装)_(蔚蓝档案),
樱咲巫女_(便服),
托马_(原神),
优菈_(原神),
烟绯_(原神),
豪德寺麦克,
敦子_(蔚蓝档案),
花子_(蔚蓝档案),
日向_(蔚蓝档案),
日和_(蔚蓝档案),
真琴_(蔚蓝档案),
玛丽_(蔚蓝档案),
美香_(蔚蓝档案),
三咲_(蔚蓝档案),
凪砂_(蔚蓝档案),
樱子_(蔚蓝档案),
沙织_(蔚蓝档案),
猫又小粥_(宽松衬衫),
桶田美琴,
七草日果,
T头训练员_(赛马娘),
斑鸠留华,
凯尔_(头脑空间)_(omori),
凯尔_(omori),
格温_(英雄联盟),
森凯莉欧佩_(街头服),
目白帕尔默_(赛马娘),
女训练员_(赛马娘),
八重神子,
目白阿尔丹_(赛马娘),
黄金辉_(明日方舟),
ssrb_(狮白牡丹),
斯卡蒂_the腐化之心_(明日方舟),
蓝毒_(浅滩节拍)_(明日方舟),
格拉迪娅_(明日方舟),
枫原万叶,
空崎雏_(睡衣)_(蔚蓝档案),
椎名时雨_(蔚蓝档案),
小鸟游琪亚拉_(便服),
姬虫百百夜,
久田美津加,
饭纲丸芽久,
天弓千亦,
伊娜尼斯_(便服),
天音彼方_(工作服),
加沃尔古拉_(便服),
某物_(omori),
艾莉拉·潘朵拉,
艾莉拉·潘朵拉_(初代服装),
斐娜娜·龙宫,
佩特拉·格林,
波姆·蕾恩帕夫,
罗泽米·洛夫洛克,
雪莲辰树,
维纳特_(最终幻想14),
伊莲_(明日方舟),
砂狼白子_(泳装)_(蔚蓝档案),
涂鸦老师_(蔚蓝档案),
樱花千代乃O_(赛马娘),
巴西尔_(头脑空间)_(omori),
英雄_(现实)_(omori),
玛丽_(现实)_(omori),
玛丽_(omori),
纽杰_(碧蓝航线),
昆布_(白上吹雪),
星野星亚_(蔚蓝档案),
奥布蕾_(头脑空间)_(omori),
九条裟罗,
雷电将军,
空崎雏_(泳装)_(蔚蓝档案),
宵宫_(原神),
早柚_(原神),
五郎_(原神),
米凯拉的利刃玛莲妮亚,
芭奥班·西特_(fate),
芭奥班·西特_(首次灵基)_(fate),
巴格斯特_(fate),
奥伯龙_(fate),
梅卢辛_(fate),
帕森贝尔伯爵夫人_(碧蓝航线),
艾吉尔_(碧蓝航线),
褪色者_(艾尔登法环),
星野_(1年生)_(蔚蓝档案),
珊瑚宫心海,
象征西里乌斯_(赛马娘),
云堇_(原神),
申鹤_(原神),
琪亚娜·卡斯兰娜_(终焉之律者),
日富美_(泳装)_(蔚蓝档案),
伊里斯_(hololive),
爱莉希雅_(崩坏3),
爱莉希雅_(粉精灵小姐)_(崩坏3),
矢波安娜,
凯森,
莱恩·帕特森,
瑞月_(明日方舟),
拉普卢玛_(明日方舟),
加利昂_(碧蓝幻想),
莫比乌斯_(崩坏3),
矶井零治,
奥伯龙_(第三再临)_(Fate),
宇津木典行,
八云红叶,
高仓健_(哒哒丹),
塞尔努诺斯_(Fate),
枫_(蔚蓝档案),
塞蕾丝·芙娜,
塞蕾丝·芙娜_(第一服装),
哈科斯·贝尔兹,
七诗无命,
欧洛克隆妮,
九十九纱奈,
欧洛克隆妮_(第一服装),
哈科斯·贝尔兹_(第一服装),
九十九纱奈_(第一服装),
朋友_(七诗无命),
斯奎克斯先生_(哈科斯·贝尔兹),
七诗无命_(第一服装),
玛丽_(头脑空间)_(OMORI),
小小娜_(蔚蓝档案),
桐乃_(蔚蓝档案),
卡沃尔_(舰队收藏),
瞬_(小型)_(蔚蓝档案),
绫濑桃,
狮白牡丹_(纽扣衬衫),
八重神子_(狐),
初鸟元,
神里绫人,
迦摩_(泳装复仇者)_(Fate),
吹雪_(蔚蓝档案),
散兵_(歌剧名伶)_(原神),
凯尔_(远方)_(OMORI),
恶毒_(慵懒兔娘)_(碧蓝航线),
相泽艾玛,
布洛妮娅·扎伊切克_(银翼：N-EX),
船田木人,
妮露_(兔女郎)_(蔚蓝档案),
明日奈_(兔女郎)_(蔚蓝档案),
花凛_(兔女郎)_(蔚蓝档案),
茜_(兔女郎)_(蔚蓝档案),
小雪_(蔚蓝档案),
阿蕾祖_(宝可梦),
布洛妮娅·兰德,
远藤零梦,
恩娜·阿洛埃特,
小坂宁宁,
米莉·帕尔菲,
三月七_(崩坏：星穹铁道),
三月七_(存护)_(崩坏：星穹铁道),
姬子_(崩坏：星穹铁道),
希儿_(崩坏：星穹铁道),
荒泷一斗_(原神),
女老师_(蔚蓝档案),
刀乙女优麻,
丹恒_(崩坏：星穹铁道),
丹恒_(巡猎)_(崩坏：星穹铁道),
正义实现委员会成员_(蔚蓝档案),
安达丽,
蔚_(双城之战),
梅琳娜_(艾尔登法环),
赛诺_(原神),
金克丝_(双城之战),
爱丽丝_(妮姬),
阿妮丝_(妮姬),
姬麻里_(蔚蓝档案),
西奥多·里德尔,
目白布莉安特_(赛马娘),
白衣小夜里,
白衣小夜里_(第一套服装),
风真伊罗哈,
风真伊罗哈_(第一套服装),
la+_黑暗斯,
la+_黑暗斯_(第一套服装),
萨卡玛塔·克萝艾,
萨卡玛塔·克萝艾_(第一套服装),
鹰岭露伊,
鹰岭露伊_(第一套服装),
鸦_(la+_黑暗斯),
奥提斯_(普罗杰克特·穆恩),
洪璐_(普罗杰克特·穆恩),
琳妮特_(原神),
琳尼_(原神),
极光_(明日方舟),
凯路斯_(崩坏：星穹铁道),
开拓者_(崩坏：星穹铁道),
瓦罗_(宝可梦),
伊利达_(宝可梦),
阿丹曼_(宝可梦),
艾克_埃弗兰,
卢卡_金城,
沃克斯_阿库玛,
兔田佩克拉_(便服),
乌尔里希_冯_胡滕_(碧蓝航线),
欧洛_克罗妮_(便服),
德拉科女王_(Fate),
刻晴_(华裳盛典)_(原神),
格雷戈尔_(Project_Moon),
罗佳_(Project_Moon),
辛克莱尔_(Project_Moon),
异桑_(Project_Moon),
以实玛利_(Project_Moon),
希斯克里夫_(Project_Moon),
堂吉诃德_(Project_Moon),
旅愁_(Project_Moon),
梅尔索_(Project_Moon),
浮士德_(Project_Moon),
但丁_(边狱公司),
索内托_(逆:1999),
影心_(博德之门),
纳戈米_由衣,
维尔汀_(逆:1999),
莲泉_(田径服)_(蔚蓝档案),
铃_(明日方舟),
都_(蔚蓝档案),
美羽_(蔚蓝档案),
千寻_(蔚蓝档案),
朔_(蔚蓝档案),
萨月_(蔚蓝档案),
芹香_(泳装)_(蔚蓝档案),
优香_(田径服)_(蔚蓝档案),
星野_(泳装)_(蔚蓝档案),
成田大进_(赛马娘),
原田实,
希兹_(火焰纹章),
尤妮_(异度神剑),
米奥_(异度神剑),
夜兰_(原神),
羽留_(蔚蓝档案),
白子_(恐怖)_(蔚蓝档案),
谢瓦尔格兰_(赛马娘),
阿斯顿马昌_(赛马娘),
樱花月桂_(赛马娘),
诺诺米_(泳装)_(蔚蓝档案),
久岐忍,
草苗龟,
呆鸭鸭,
火球鼠,
弗劳_(宝可梦),
朱莉安妮_(宝可梦),
菈妮_(女巫),
冬月_(舰队收藏),
银城拉比林斯可爱迷宫,
阿波尼亚_(崩坏3),
米凯拉_(艾尔登法环),
帕姆_(崩坏：星穹铁道),
萨菲罗斯_(最终幻想7：永劫残章),
卡艾拉·科瓦尔斯基,
科博·卡娜埃鲁,
维斯提亚·泽塔,
萌绘_(碧蓝档案),
井之上泷奈,
西木希千束,
令嬢_(碧蓝档案),
苏蕾塔·墨丘利,
尤塔_(海贼王),
希兹_(女性)_(火焰纹章),
伊地知虹夏,
山田凉,
喜多郁代,
卡娜_(碧蓝档案),
解链幽灵鲨_(明日方舟),
奈斯内丘_(run&win)_(赛马娘),
若叶志希,
花小路香帆_(碧蓝档案),
科帕诺里奇_(赛马娘),
谷野吉姆雷_(赛马娘),
象征克里斯S_(赛马娘),
卡芙卡_(崩坏：星穹铁道),
银狼_(崩坏：星穹铁道),
阿蜜莉安_(绝区零),
安比·德玛拉,
妮可·德玛拉,
星见雅,
柯林·威克斯,
冯·莱卡恩,
鹿野院平藏,
黑塔_(崩坏：星穹铁道),
朔华_(绝区零),
不屈_(碧蓝航线),
百万吨晴空萨罗美,
百万吨晴空萨罗美_(第一套服装),
伊奥斯_(绝区零),
奥拉_(葬送的芙莉莲),
乌贝尔_(葬送的芙莉莲),
空崎咲_(泳装)_(碧蓝档案),
斯黛尔_(崩坏：星穹铁道),
妮莫_(宝可梦),
贝尔_(绝区零),
艾尔斯塔_(Signalis),
维尔图奥萨_(明日方舟),
米奥琳_蕾姆布兰,
若狭_(泳装)_(蔚蓝档案),
景元,
阿列尔_(女性)_(火焰纹章),
阿列尔_(火焰纹章),
提纳里_(原神),
迪希雅_(原神),
艾尔海森_(原神),
纳西妲_(原神),
妮露_(原神),
胡奥尔海亚克_(明日方舟),
女漂泊者_(鸣潮),
漂泊者_(鸣潮),
阿蕾奇诺_(原神),
哥伦比娜_(原神),
夜_(链锯人),
三鹰_朝霞,
辛纳米库,
刃_(崩坏：星穹铁道),
伊祖娜_(泳装)_(蔚蓝档案),
霞_(蔚蓝档案),
勇敢战术_(赛马娘),
霍科塔鲁马埃_(赛马娘),
艾莉西亚_(人之律者：自我)_(崩坏3),
大卫_马丁内斯,
露西_(赛博朋克),
丽贝卡_(赛博朋克),
潘妮_(宝可梦),
格鲁沙_(宝可梦),
阿仁_(宝可梦),
贤者_(绝区零),
波兹约姆卡_(明日方舟),
苏尔特_(梦幻嘉年华)_(明日方舟),
梦_(蔚蓝档案),
一花_(蔚蓝档案),
弗莱_(斯普拉遁),
希弗_(斯普拉遁),
流浪者_(原神),
阿拉尼_(原神),
有栖_(女仆)_(蔚蓝档案),
坎蒂丝_(原神),
响_(啦啦队)_(蔚蓝档案),
流萤_(崩坏：星穹铁道),
蕾莎_(蔚蓝档案),
西伯利亚花栗鼠_(动物朋友),
葛蕾莎_(宝可梦),
铃兰_(春日礼赞)_(明日方舟),
武藏_(碧蓝航线),
卡维_(原神),
阿雷尔_(男)_(火焰纹章),
伊芙莉_(火焰纹章),
塞琳_(火焰纹章),
莱依拉_(原神),
塞西莉亚_多特,
春奈_(陆上服)_(蓝色档案),
娜喏_(宝可梦),
圭_(蓝色档案),
玛丽_(陆上服)_(蓝色档案),
藤岛惠,
火之下佳保,
村野沙耶香,
大泽瑠璃乃,
音宗梢,
夕雾纲,
德克萨斯_the_omertosa_(明日方舟),
忏悔者_(明日方舟),
米兹_(异星舞台),
苏亚_(异星舞台),
食幻_(链锯人),
法尔赞_(原神),
目白麦昆_(赛马娘),
伊地知星歌,
指挥官_(妮姬),
弘井绮久梨,
狂徒猫_(宝可梦),
理凰_(蓝色档案),
托奇_(蓝色档案),
莉可_(宝可梦),
帕桑,
波佩_(宝可梦),
散兵_(猫)_(原神),
队长_(深渊对决),
女队长_(深渊对决),
莉可_(宝可梦),
男罗弗_(鸣潮),
特诺奇特兰_(Fate),
特兹卡特利波卡_(Fate),
琪亚娜·卡斯兰娜_(终焉律者)_(崩坏3),
时雨改三_(舰队收藏),
尤娜卡_(火焰纹章),
加维斯_贝特尔,
神里绫华_(春华使者)_(原神),
虹丘真白,
娜维娅_(原神),
芙宁娜_(原神),
库亚天空_(光之美少女),
晴空晴渡,
圣凤蝶,
崇月_(明日方舟),
毒蛇_(妮姬),
四之宫冬实,
绮咲_(蔚蓝档案),
停云_(崩坏：星穹铁道),
翠_(女仆)_(蔚蓝档案),
桃依_(女仆)_(蔚蓝档案),
丛林兜_(赛马娘),
符玄_(崩坏：星穹铁道),
无畏_(碧蓝航线),
桂木艾斯_(赛马娘),
新宇宙_(赛马娘),
菱奇迹_(赛马娘),
普拉娜_(蔚蓝档案),
祁然_(宝可梦),
卡敏_(宝可梦),
莉莎_(宝可梦),
绮良良_(原神),
重音特托_(合成音V),
七诗无命_(便服),
椎名立希,
时乃_(兔女郎)_(蔚蓝档案),
亚纪良_(蔚蓝档案),
伊芹妮娜,
丹恒_(饮月)_(崩坏：星穹铁道),
吟霖_(鸣潮),
镜流_(崩坏：星穹铁道),
夏洛蒂_(原神),
泡昴,
海老塚友,
香良木百合香,
鲁帕_(少女乐团哭叫),
美优_(泳装)_(蔚蓝档案),
宫子_(泳装)_(蔚蓝档案),
大和武_(Fate),
羽留_(泳装)_(蔚蓝档案),
长崎そよ,
菲米尼_(原神),
努维莱特_(原神),
里欧瑟雷_(原神),
克洛琳德_(原神),
希格雯_(原神),
千早阿农,
要兰娜,
高松灯,
兴登堡_(碧蓝航线),
小春_(泳装)_(蔚蓝档案),
花子_(泳装)_(蔚蓝档案),
妮莉莎_拉文克罗夫特,
妮莉莎_拉文克罗夫特_(第一服装),
诗织_诺维拉,
诗织_诺维拉_(第一服装),
芙哇哇_阿比斯加德,
莫可可_阿比斯加德,
安妮丝_(闪耀夏日)_(妮姬),
古石_碧珠,
古石_碧珠_(第一服装),
芙哇哇_阿比斯加德_(第一服装),
莫可可_阿比斯加德_(第一服装),
阿尔托莉雅_卡斯特_(泳装狂战士)_(Fate),
户川_咲子,
朱罗_(蔚蓝档案),
若叶_睦,
沙洛姆_(往日之影),
巴奥班_锡特_(泳装伪从者)_(Fate),
八幡_海美里,
炽霞_(鸣潮),
黄泉_比佐美,
萨姆_(崩坏：星穹铁道),
天华神_千矢里,
托帕_(崩坏：星穹铁道),
宫本_伊织_(Fate),
见澄_羽香,
红帽_(妮姬),
十文亭_罗电,
一条_莉莉香,
终_(碧蓝航线),
黑天鹅_(崩坏：星穹铁道),
阮梅_(崩坏：星穹铁道),
藿藿_(崩坏：星穹铁道),
维克妮娜_(赛马娘),
维布洛丝_(赛马娘),
波姆尼_(了不起的数字马戏团),
芙卡洛斯_(原神),
37_(逆转1999),
苍_伊佐美,
路易斯_史密斯,
砂金_(崩坏：星穹铁道),
真理博士_(崩坏：星穹铁道),
灰姑娘_(妮姬),
格蕾丝_霍华德,
亚历山德丽娜_塞巴斯蒂安,
艾莲_乔,
桔梗_(蔚蓝档案),
英咪_(泳装)_(蔚蓝档案),
黄泉_(崩坏：星穹铁道),
千织_(原神),
花火_(崩坏：星穹铁道),
星期日_(崩坏：星穹铁道),
知更鸟_(崩坏：星穹铁道),
猫矢敷雪,
天雨亚子_(礼服)_(蔚蓝档案),
空崎日奈_(礼服)_(蔚蓝档案),
鬼方香代子_(礼服)_(蔚蓝档案),
京山和纱_(乐队)_(蔚蓝档案),
依织真莉_(偶像)_(蔚蓝档案),
舒_(明日方舟),
陆八魔阿露_(礼服)_(蔚蓝档案),
埃蕾格_(妮姬),
城前沙织_(礼服)_(蔚蓝档案),
奥菲弗尔_(赛马娘),
珍蒂杜娜_(赛马娘),
斯泰因拉布_(赛马娘),
弹珠弗拉姆_(赛马娘),
七诗无一_(emo),
藤田琴音,
花见咲,
月村手鞠,
花见梅,
篠泽弘,
桂木莉尔娅,
姬崎凛美,
波提欧_(崩坏：星穹铁道),
老师_(蔚蓝档案动画),
光_(蔚蓝档案),
诺佐米_(蔚蓝档案),
朱鸢,
安代寺姬,
街町小铃,
桃濑银子,
长离_(鸣潮),
卡梅利亚_(鸣潮),
云璃_(崩坏：星穹铁道),
莫承炜,
李雨亭_(男),
李雨亭_(女),
紫车浮照,
塞西莉亚·伊默格林,
伊丽莎白·罗斯·血焰,
吉吉·穆林,
拉奥拉·潘瑟拉,
吹雪_(泳装)_(蔚蓝档案),
绪方神奈_(泳装)_(蔚蓝档案),
露西亚娜·德·蒙特菲奥,
青衣_(绝区零),
基尼奇_(原神),
慕阿妮_(原神),
月白柳,
塞斯_洛威尔,
简_多伊_(绝区零),
希特拉莉_(原神),
慕维卡_(原神),
飞霄_(崩坏：星穹铁道),
妮娅妮娅教授_(蔚蓝档案),
岸守_(鸣潮),
凯撒_金_(绝区零),
伯妮丝_怀特,
巴西_米库,
女主角_(homicipher),
,
